,Client ID,Quarter,Baseline,date
0,1000048,2019 Q3,1,2019-09-01
1,1000719,2019 Q3,0,2019-09-01
2,1009844,2019 Q3,1,2019-09-01
3,1013328,2019 Q3,1,2019-09-01
4,1014467,2019 Q3,1,2019-09-01
5,1016715,2019 Q3,1,2019-09-01
6,1018033,2019 Q3,1,2019-09-01
7,1021272,2019 Q3,1,2019-09-01
8,1021344,2019 Q3,1,2019-09-01
9,1021345,2019 Q3,1,2019-09-01
10,1021362,2019 Q3,1,2019-09-01
11,1021390,2019 Q3,1,2019-09-01
12,1021391,2019 Q3,1,2019-09-01
13,1021393,2019 Q3,1,2019-09-01
14,1021411,2019 Q3,1,2019-09-01
15,1021415,2019 Q3,1,2019-09-01
16,1021422,2019 Q3,1,2019-09-01
17,1021591,2019 Q3,1,2019-09-01
18,1021593,2019 Q3,1,2019-09-01
19,1021594,2019 Q3,1,2019-09-01
20,1021606,2019 Q3,1,2019-09-01
21,1021616,2019 Q3,1,2019-09-01
22,1021626,2019 Q3,1,2019-09-01
23,1021654,2019 Q3,1,2019-09-01
24,1021798,2019 Q3,1,2019-09-01
25,1021799,2019 Q3,1,2019-09-01
26,1021800,2019 Q3,1,2019-09-01
27,1022024,2019 Q3,1,2019-09-01
28,1022057,2019 Q3,1,2019-09-01
29,1022266,2019 Q3,1,2019-09-01
30,1022596,2019 Q3,1,2019-09-01
31,1022678,2019 Q3,1,2019-09-01
32,1023337,2019 Q3,1,2019-09-01
33,1023341,2019 Q3,1,2019-09-01
34,1023351,2019 Q3,1,2019-09-01
35,1024184,2019 Q3,1,2019-09-01
36,1024270,2019 Q3,1,2019-09-01
37,1024328,2019 Q3,1,2019-09-01
38,1024914,2019 Q3,1,2019-09-01
39,1025032,2019 Q3,1,2019-09-01
40,1025090,2019 Q3,1,2019-09-01
41,1025092,2019 Q3,1,2019-09-01
42,1025095,2019 Q3,1,2019-09-01
43,1025098,2019 Q3,1,2019-09-01
44,1025110,2019 Q3,1,2019-09-01
45,1025485,2019 Q3,1,2019-09-01
46,1025587,2019 Q3,1,2019-09-01
47,1026371,2019 Q3,1,2019-09-01
48,1000028,2019 Q3,0,2019-09-01
49,1000040,2019 Q3,0,2019-09-01
50,1000114,2019 Q3,0,2019-09-01
51,1000280,2019 Q3,0,2019-09-01
52,1001170,2019 Q3,0,2019-09-01
53,1001480,2019 Q3,0,2019-09-01
54,1001731,2019 Q3,0,2019-09-01
55,1001845,2019 Q3,0,2019-09-01
56,1001971,2019 Q3,0,2019-09-01
57,1002315,2019 Q3,0,2019-09-01
58,1003716,2019 Q3,0,2019-09-01
59,1003908,2019 Q3,0,2019-09-01
60,1005953,2019 Q3,0,2019-09-01
61,1006814,2019 Q3,0,2019-09-01
62,1013538,2019 Q3,0,2019-09-01
63,1014183,2019 Q3,0,2019-09-01
64,1016573,2019 Q3,0,2019-09-01
65,1017830,2019 Q3,0,2019-09-01
66,1018435,2019 Q3,0,2019-09-01
67,1018439,2019 Q3,0,2019-09-01
68,1018615,2019 Q3,0,2019-09-01
69,1019091,2019 Q3,0,2019-09-01
70,1019102,2019 Q3,0,2019-09-01
71,1019104,2019 Q3,0,2019-09-01
72,1019242,2019 Q3,0,2019-09-01
73,1019257,2019 Q3,0,2019-09-01
74,1019369,2019 Q3,0,2019-09-01
75,1019446,2019 Q3,0,2019-09-01
76,1019457,2019 Q3,0,2019-09-01
77,1019612,2019 Q3,0,2019-09-01
78,1019708,2019 Q3,0,2019-09-01
79,1019809,2019 Q3,0,2019-09-01
80,1019811,2019 Q3,0,2019-09-01
81,1019812,2019 Q3,0,2019-09-01
82,1019852,2019 Q3,0,2019-09-01
83,1019853,2019 Q3,0,2019-09-01
84,1019933,2019 Q3,0,2019-09-01
85,1019975,2019 Q3,0,2019-09-01
86,1020068,2019 Q3,0,2019-09-01
87,1020182,2019 Q3,0,2019-09-01
88,1020190,2019 Q3,0,2019-09-01
89,1020674,2019 Q3,0,2019-09-01
90,1020696,2019 Q3,0,2019-09-01
91,1020786,2019 Q3,0,2019-09-01
92,1020793,2019 Q3,0,2019-09-01
93,1020794,2019 Q3,0,2019-09-01
94,1020796,2019 Q3,0,2019-09-01
95,1020803,2019 Q3,0,2019-09-01
96,1020897,2019 Q3,0,2019-09-01
97,1021067,2019 Q3,0,2019-09-01
98,1021230,2019 Q3,0,2019-09-01
99,1211064,2019 Q3,0,2019-09-01
100,1211514,2019 Q3,0,2019-09-01
101,1212197,2019 Q3,0,2019-09-01
102,1219745,2019 Q3,0,2019-09-01
103,1222874,2019 Q3,0,2019-09-01
104,1222930,2019 Q3,0,2019-09-01
105,1225647,2019 Q3,0,2019-09-01
106,1228718,2019 Q3,0,2019-09-01
107,1229738,2019 Q3,0,2019-09-01
108,1231508,2019 Q3,1,2019-09-01
109,1231508,2019 Q3,0,2019-09-01
110,1234970,2019 Q3,0,2019-09-01
111,1235665,2019 Q3,0,2019-09-01
112,1236476,2019 Q3,0,2019-09-01
113,1236662,2019 Q3,0,2019-09-01
114,1236788,2019 Q3,0,2019-09-01
115,1238832,2019 Q3,0,2019-09-01
116,1239022,2019 Q3,1,2019-09-01
117,1239022,2019 Q3,0,2019-09-01
118,1240386,2019 Q3,0,2019-09-01
119,1240434,2019 Q3,0,2019-09-01
120,1241151,2019 Q3,0,2019-09-01
121,1241629,2019 Q3,0,2019-09-01
122,1241690,2019 Q3,0,2019-09-01
123,1243166,2019 Q3,0,2019-09-01
124,1244828,2019 Q3,0,2019-09-01
125,1246281,2019 Q3,0,2019-09-01
126,1246777,2019 Q3,0,2019-09-01
127,1247825,2019 Q3,0,2019-09-01
128,1249490,2019 Q3,0,2019-09-01
129,1249789,2019 Q3,0,2019-09-01
130,1250590,2019 Q3,0,2019-09-01
131,1251154,2019 Q3,0,2019-09-01
132,1251515,2019 Q3,0,2019-09-01
133,1251933,2019 Q3,0,2019-09-01
134,1252195,2019 Q3,0,2019-09-01
135,1252329,2019 Q3,0,2019-09-01
136,1253037,2019 Q3,0,2019-09-01
137,1256957,2019 Q3,0,2019-09-01
138,1257195,2019 Q3,0,2019-09-01
139,1258916,2019 Q3,0,2019-09-01
140,1264316,2019 Q3,0,2019-09-01
141,1265119,2019 Q3,1,2019-09-01
142,1265119,2019 Q3,0,2019-09-01
143,1265268,2019 Q3,1,2019-09-01
144,1265268,2019 Q3,0,2019-09-01
145,1266587,2019 Q3,0,2019-09-01
146,1267296,2019 Q3,0,2019-09-01
147,1267299,2019 Q3,0,2019-09-01
148,1267805,2019 Q3,0,2019-09-01
149,1268596,2019 Q3,0,2019-09-01
150,1268938,2019 Q3,0,2019-09-01
151,1269120,2019 Q3,0,2019-09-01
152,1269266,2019 Q3,0,2019-09-01
153,1269376,2019 Q3,0,2019-09-01
154,1269657,2019 Q3,0,2019-09-01
155,1270272,2019 Q3,0,2019-09-01
156,1270354,2019 Q3,0,2019-09-01
157,1270933,2019 Q3,0,2019-09-01
158,1270958,2019 Q3,0,2019-09-01
159,1271386,2019 Q3,0,2019-09-01
160,1271422,2019 Q3,0,2019-09-01
161,1272103,2019 Q3,0,2019-09-01
162,1273230,2019 Q3,0,2019-09-01
163,1273289,2019 Q3,0,2019-09-01
164,1273740,2019 Q3,0,2019-09-01
165,1273892,2019 Q3,0,2019-09-01
166,1273925,2019 Q3,0,2019-09-01
167,1274110,2019 Q3,0,2019-09-01
168,1274425,2019 Q3,0,2019-09-01
169,1274437,2019 Q3,0,2019-09-01
170,1274537,2019 Q3,0,2019-09-01
171,1274673,2019 Q3,0,2019-09-01
172,1274706,2019 Q3,0,2019-09-01
173,1274708,2019 Q3,0,2019-09-01
174,1275200,2019 Q3,0,2019-09-01
175,1275221,2019 Q3,0,2019-09-01
176,1275239,2019 Q3,0,2019-09-01
177,1276300,2019 Q3,0,2019-09-01
178,1276716,2019 Q3,0,2019-09-01
179,1276959,2019 Q3,0,2019-09-01
180,1277572,2019 Q3,0,2019-09-01
181,1277769,2019 Q3,0,2019-09-01
182,1277790,2019 Q3,0,2019-09-01
183,1277937,2019 Q3,0,2019-09-01
184,1277944,2019 Q3,0,2019-09-01
185,1277945,2019 Q3,0,2019-09-01
186,1277956,2019 Q3,0,2019-09-01
187,1277964,2019 Q3,0,2019-09-01
188,1278439,2019 Q3,0,2019-09-01
189,1278443,2019 Q3,0,2019-09-01
190,1278462,2019 Q3,1,2019-09-01
191,1278462,2019 Q3,0,2019-09-01
192,1278622,2019 Q3,0,2019-09-01
193,1278755,2019 Q3,0,2019-09-01
194,1278786,2019 Q3,0,2019-09-01
195,1278828,2019 Q3,0,2019-09-01
196,1278838,2019 Q3,0,2019-09-01
197,1278936,2019 Q3,0,2019-09-01
198,1278979,2019 Q3,0,2019-09-01
199,1279012,2019 Q3,0,2019-09-01
200,1279616,2019 Q3,0,2019-09-01
201,1279663,2019 Q3,0,2019-09-01
202,1279885,2019 Q3,0,2019-09-01
203,1279886,2019 Q3,0,2019-09-01
204,1280235,2019 Q3,0,2019-09-01
205,1280428,2019 Q3,0,2019-09-01
206,1280962,2019 Q3,0,2019-09-01
207,1281086,2019 Q3,0,2019-09-01
208,1281455,2019 Q3,0,2019-09-01
209,1281737,2019 Q3,0,2019-09-01
210,1281794,2019 Q3,0,2019-09-01
211,1281798,2019 Q3,0,2019-09-01
212,1281801,2019 Q3,0,2019-09-01
213,1282096,2019 Q3,0,2019-09-01
214,1282378,2019 Q3,0,2019-09-01
215,1282449,2019 Q3,0,2019-09-01
216,1282690,2019 Q3,0,2019-09-01
217,1282759,2019 Q3,0,2019-09-01
218,1283043,2019 Q3,0,2019-09-01
219,1283255,2019 Q3,0,2019-09-01
220,1283256,2019 Q3,0,2019-09-01
221,1283259,2019 Q3,0,2019-09-01
222,1283388,2019 Q3,0,2019-09-01
223,1283389,2019 Q3,0,2019-09-01
224,1283483,2019 Q3,0,2019-09-01
225,1283560,2019 Q3,0,2019-09-01
226,1283702,2019 Q3,0,2019-09-01
227,1283739,2019 Q3,0,2019-09-01
228,1284263,2019 Q3,0,2019-09-01
229,1284773,2019 Q3,0,2019-09-01
230,1284784,2019 Q3,0,2019-09-01
231,1285168,2019 Q3,0,2019-09-01
232,1285203,2019 Q3,0,2019-09-01
233,1285662,2019 Q3,0,2019-09-01
234,1285723,2019 Q3,0,2019-09-01
235,1285735,2019 Q3,0,2019-09-01
236,1285737,2019 Q3,0,2019-09-01
237,1285745,2019 Q3,0,2019-09-01
238,1286044,2019 Q3,0,2019-09-01
239,1286118,2019 Q3,0,2019-09-01
240,1286127,2019 Q3,0,2019-09-01
241,1286636,2019 Q3,0,2019-09-01
242,1286731,2019 Q3,0,2019-09-01
243,1286734,2019 Q3,0,2019-09-01
244,1286827,2019 Q3,0,2019-09-01
245,1287072,2019 Q3,0,2019-09-01
246,1287073,2019 Q3,0,2019-09-01
247,1287076,2019 Q3,0,2019-09-01
248,1287139,2019 Q3,0,2019-09-01
249,1287408,2019 Q3,0,2019-09-01
250,1287409,2019 Q3,0,2019-09-01
251,1287410,2019 Q3,0,2019-09-01
252,1287530,2019 Q3,0,2019-09-01
253,1287572,2019 Q3,0,2019-09-01
254,1287588,2019 Q3,0,2019-09-01
255,1287663,2019 Q3,0,2019-09-01
256,1288542,2019 Q3,0,2019-09-01
257,1288543,2019 Q3,0,2019-09-01
258,1288546,2019 Q3,0,2019-09-01
259,1288549,2019 Q3,0,2019-09-01
260,1288750,2019 Q3,0,2019-09-01
261,1288752,2019 Q3,0,2019-09-01
262,1289149,2019 Q3,0,2019-09-01
263,1289213,2019 Q3,0,2019-09-01
264,1289214,2019 Q3,0,2019-09-01
265,1289632,2019 Q3,1,2019-09-01
266,1289632,2019 Q3,0,2019-09-01
267,1289798,2019 Q3,0,2019-09-01
268,1289860,2019 Q3,0,2019-09-01
269,1290568,2019 Q3,0,2019-09-01
270,1290569,2019 Q3,0,2019-09-01
271,1290570,2019 Q3,0,2019-09-01
272,1290720,2019 Q3,0,2019-09-01
273,1290750,2019 Q3,0,2019-09-01
274,1290753,2019 Q3,0,2019-09-01
275,1291339,2019 Q3,0,2019-09-01
276,1291470,2019 Q3,0,2019-09-01
277,1291492,2019 Q3,0,2019-09-01
278,1291522,2019 Q3,0,2019-09-01
279,1291527,2019 Q3,0,2019-09-01
280,1291528,2019 Q3,0,2019-09-01
281,1291530,2019 Q3,0,2019-09-01
282,1291531,2019 Q3,0,2019-09-01
283,1291545,2019 Q3,0,2019-09-01
284,1291753,2019 Q3,0,2019-09-01
285,1291756,2019 Q3,0,2019-09-01
286,1291824,2019 Q3,0,2019-09-01
287,1291829,2019 Q3,0,2019-09-01
288,1291915,2019 Q3,0,2019-09-01
289,1291969,2019 Q3,0,2019-09-01
290,1292027,2019 Q3,0,2019-09-01
291,1292040,2019 Q3,0,2019-09-01
292,1292071,2019 Q3,0,2019-09-01
293,1292243,2019 Q3,0,2019-09-01
294,1292289,2019 Q3,0,2019-09-01
295,1292291,2019 Q3,0,2019-09-01
296,1292452,2019 Q3,0,2019-09-01
297,1292453,2019 Q3,0,2019-09-01
298,1292455,2019 Q3,0,2019-09-01
299,1292467,2019 Q3,0,2019-09-01
300,1292468,2019 Q3,0,2019-09-01
301,1292473,2019 Q3,0,2019-09-01
302,1292586,2019 Q3,0,2019-09-01
303,1292633,2019 Q3,0,2019-09-01
304,1292651,2019 Q3,0,2019-09-01
305,1292702,2019 Q3,0,2019-09-01
306,1292765,2019 Q3,0,2019-09-01
307,1292766,2019 Q3,0,2019-09-01
308,1292767,2019 Q3,0,2019-09-01
309,1292779,2019 Q3,0,2019-09-01
310,1292784,2019 Q3,0,2019-09-01
311,1292887,2019 Q3,0,2019-09-01
312,1292944,2019 Q3,0,2019-09-01
313,1293260,2019 Q3,0,2019-09-01
314,1293263,2019 Q3,0,2019-09-01
315,1293266,2019 Q3,0,2019-09-01
316,1293269,2019 Q3,0,2019-09-01
317,1293278,2019 Q3,0,2019-09-01
318,1293279,2019 Q3,0,2019-09-01
319,1293285,2019 Q3,0,2019-09-01
320,1293286,2019 Q3,0,2019-09-01
321,1293302,2019 Q3,0,2019-09-01
322,1293303,2019 Q3,0,2019-09-01
323,1293304,2019 Q3,0,2019-09-01
324,1293440,2019 Q3,0,2019-09-01
325,1293716,2019 Q3,0,2019-09-01
326,1293717,2019 Q3,0,2019-09-01
327,1293718,2019 Q3,0,2019-09-01
328,1293720,2019 Q3,0,2019-09-01
329,1293721,2019 Q3,0,2019-09-01
330,1293722,2019 Q3,0,2019-09-01
331,1293723,2019 Q3,0,2019-09-01
332,1293734,2019 Q3,0,2019-09-01
333,1293802,2019 Q3,0,2019-09-01
334,1294150,2019 Q3,0,2019-09-01
335,1294160,2019 Q3,0,2019-09-01
336,1294161,2019 Q3,0,2019-09-01
337,1294383,2019 Q3,0,2019-09-01
338,1294465,2019 Q3,0,2019-09-01
339,1294566,2019 Q3,0,2019-09-01
340,1294715,2019 Q3,0,2019-09-01
341,1294788,2019 Q3,0,2019-09-01
342,1294805,2019 Q3,0,2019-09-01
343,1294831,2019 Q3,0,2019-09-01
344,1294833,2019 Q3,0,2019-09-01
345,1294854,2019 Q3,0,2019-09-01
346,1294914,2019 Q3,0,2019-09-01
347,1294915,2019 Q3,0,2019-09-01
348,1294917,2019 Q3,0,2019-09-01
349,1294918,2019 Q3,0,2019-09-01
350,1294919,2019 Q3,0,2019-09-01
351,1294920,2019 Q3,0,2019-09-01
352,1294921,2019 Q3,0,2019-09-01
353,1294922,2019 Q3,0,2019-09-01
354,1294923,2019 Q3,0,2019-09-01
355,1294924,2019 Q3,0,2019-09-01
356,1294925,2019 Q3,0,2019-09-01
357,1294926,2019 Q3,0,2019-09-01
358,1294927,2019 Q3,0,2019-09-01
359,1294948,2019 Q3,0,2019-09-01
360,1295012,2019 Q3,0,2019-09-01
361,1295015,2019 Q3,0,2019-09-01
362,1295019,2019 Q3,0,2019-09-01
363,1295174,2019 Q3,0,2019-09-01
364,1295250,2019 Q3,0,2019-09-01
365,1295277,2019 Q3,0,2019-09-01
366,1295389,2019 Q3,0,2019-09-01
367,1295390,2019 Q3,0,2019-09-01
368,1295391,2019 Q3,0,2019-09-01
369,1295392,2019 Q3,0,2019-09-01
370,1295404,2019 Q3,0,2019-09-01
371,1295405,2019 Q3,0,2019-09-01
372,1295408,2019 Q3,0,2019-09-01
373,1295409,2019 Q3,0,2019-09-01
374,1295440,2019 Q3,0,2019-09-01
375,1295441,2019 Q3,0,2019-09-01
376,1295452,2019 Q3,0,2019-09-01
377,1295533,2019 Q3,0,2019-09-01
378,1295798,2019 Q3,0,2019-09-01
379,1295800,2019 Q3,0,2019-09-01
380,1295807,2019 Q3,0,2019-09-01
381,1295810,2019 Q3,0,2019-09-01
382,1295814,2019 Q3,0,2019-09-01
383,1295848,2019 Q3,0,2019-09-01
384,1295849,2019 Q3,0,2019-09-01
385,1295853,2019 Q3,0,2019-09-01
386,1295856,2019 Q3,0,2019-09-01
387,1295858,2019 Q3,0,2019-09-01
388,1295859,2019 Q3,0,2019-09-01
389,1295928,2019 Q3,0,2019-09-01
390,1295932,2019 Q3,0,2019-09-01
391,1295970,2019 Q3,0,2019-09-01
392,1296178,2019 Q3,0,2019-09-01
393,1296179,2019 Q3,0,2019-09-01
394,1296180,2019 Q3,0,2019-09-01
395,1296181,2019 Q3,0,2019-09-01
396,1296204,2019 Q3,0,2019-09-01
397,1296205,2019 Q3,0,2019-09-01
398,1296216,2019 Q3,0,2019-09-01
399,1296219,2019 Q3,0,2019-09-01
400,1296220,2019 Q3,0,2019-09-01
401,1296429,2019 Q3,0,2019-09-01
402,1296605,2019 Q3,0,2019-09-01
403,1297124,2019 Q3,0,2019-09-01
404,1297134,2019 Q3,0,2019-09-01
405,1297247,2019 Q3,0,2019-09-01
406,1297248,2019 Q3,0,2019-09-01
407,1297273,2019 Q3,0,2019-09-01
408,1297304,2019 Q3,0,2019-09-01
409,1297547,2019 Q3,0,2019-09-01
410,1297621,2019 Q3,0,2019-09-01
411,1297635,2019 Q3,0,2019-09-01
412,1297636,2019 Q3,0,2019-09-01
413,1297640,2019 Q3,0,2019-09-01
414,1297641,2019 Q3,0,2019-09-01
415,1297674,2019 Q3,0,2019-09-01
416,1297675,2019 Q3,0,2019-09-01
417,1297680,2019 Q3,0,2019-09-01
418,1297685,2019 Q3,0,2019-09-01
419,1297689,2019 Q3,0,2019-09-01
420,1297728,2019 Q3,0,2019-09-01
421,1297733,2019 Q3,0,2019-09-01
422,1297737,2019 Q3,0,2019-09-01
423,1297746,2019 Q3,0,2019-09-01
424,1297825,2019 Q3,0,2019-09-01
425,1297849,2019 Q3,0,2019-09-01
426,1297851,2019 Q3,0,2019-09-01
427,1297856,2019 Q3,0,2019-09-01
428,1297951,2019 Q3,0,2019-09-01
429,1298053,2019 Q3,0,2019-09-01
430,1298140,2019 Q3,0,2019-09-01
431,1298143,2019 Q3,0,2019-09-01
432,1298144,2019 Q3,0,2019-09-01
433,1298287,2019 Q3,1,2019-09-01
434,1298287,2019 Q3,0,2019-09-01
435,1298301,2019 Q3,0,2019-09-01
436,1299570,2019 Q3,0,2019-09-01
437,1299873,2019 Q3,0,2019-09-01
438,1299966,2019 Q3,0,2019-09-01
439,12100054,2019 Q3,0,2019-09-01
440,12100197,2019 Q3,0,2019-09-01
441,12100302,2019 Q3,0,2019-09-01
442,12100328,2019 Q3,0,2019-09-01
443,12100329,2019 Q3,0,2019-09-01
444,12100396,2019 Q3,0,2019-09-01
445,12100474,2019 Q3,0,2019-09-01
446,12100530,2019 Q3,0,2019-09-01
447,12100633,2019 Q3,0,2019-09-01
448,12100635,2019 Q3,0,2019-09-01
449,12100637,2019 Q3,0,2019-09-01
450,12100642,2019 Q3,0,2019-09-01
451,12100644,2019 Q3,0,2019-09-01
452,12100645,2019 Q3,0,2019-09-01
453,12100647,2019 Q3,0,2019-09-01
454,12100649,2019 Q3,0,2019-09-01
455,12100651,2019 Q3,0,2019-09-01
456,12100664,2019 Q3,0,2019-09-01
457,12100889,2019 Q3,0,2019-09-01
458,12101201,2019 Q3,0,2019-09-01
459,12101346,2019 Q3,0,2019-09-01
460,12101437,2019 Q3,0,2019-09-01
461,12101438,2019 Q3,0,2019-09-01
462,12101440,2019 Q3,0,2019-09-01
463,12101443,2019 Q3,0,2019-09-01
464,12101453,2019 Q3,0,2019-09-01
465,12101458,2019 Q3,0,2019-09-01
466,12101596,2019 Q3,0,2019-09-01
467,12101734,2019 Q3,0,2019-09-01
468,12101907,2019 Q3,0,2019-09-01
469,12101908,2019 Q3,0,2019-09-01
470,12101910,2019 Q3,0,2019-09-01
471,12101911,2019 Q3,0,2019-09-01
472,12101914,2019 Q3,0,2019-09-01
473,12101915,2019 Q3,0,2019-09-01
474,12101916,2019 Q3,0,2019-09-01
475,12101918,2019 Q3,0,2019-09-01
476,12101919,2019 Q3,0,2019-09-01
477,12101920,2019 Q3,0,2019-09-01
478,12101921,2019 Q3,0,2019-09-01
479,12101922,2019 Q3,0,2019-09-01
480,12102034,2019 Q3,0,2019-09-01
481,12102091,2019 Q3,0,2019-09-01
482,12102092,2019 Q3,0,2019-09-01
483,12102119,2019 Q3,0,2019-09-01
484,12102178,2019 Q3,0,2019-09-01
485,12102344,2019 Q3,0,2019-09-01
486,12102374,2019 Q3,0,2019-09-01
487,12102376,2019 Q3,0,2019-09-01
488,12102378,2019 Q3,0,2019-09-01
489,12102379,2019 Q3,0,2019-09-01
490,12102726,2019 Q3,0,2019-09-01
491,12102727,2019 Q3,0,2019-09-01
492,12102730,2019 Q3,0,2019-09-01
493,12103001,2019 Q3,1,2019-09-01
494,12103001,2019 Q3,0,2019-09-01
495,12103069,2019 Q3,1,2019-09-01
496,12103069,2019 Q3,0,2019-09-01
497,12103096,2019 Q3,1,2019-09-01
498,12103096,2019 Q3,0,2019-09-01
499,12103212,2019 Q3,1,2019-09-01
500,12103212,2019 Q3,0,2019-09-01
501,12103215,2019 Q3,1,2019-09-01
502,12103215,2019 Q3,0,2019-09-01
503,12103219,2019 Q3,1,2019-09-01
504,12103219,2019 Q3,0,2019-09-01
505,12103249,2019 Q3,0,2019-09-01
506,12103350,2019 Q3,1,2019-09-01
507,12103350,2019 Q3,0,2019-09-01
508,12103404,2019 Q3,1,2019-09-01
509,12103404,2019 Q3,0,2019-09-01
510,12103555,2019 Q3,1,2019-09-01
511,12103555,2019 Q3,0,2019-09-01
512,12103657,2019 Q3,1,2019-09-01
513,12103657,2019 Q3,0,2019-09-01
514,12103658,2019 Q3,1,2019-09-01
515,12103658,2019 Q3,0,2019-09-01
516,12103664,2019 Q3,1,2019-09-01
517,12103664,2019 Q3,0,2019-09-01
518,12103665,2019 Q3,1,2019-09-01
519,12103665,2019 Q3,0,2019-09-01
520,12103666,2019 Q3,1,2019-09-01
521,12103666,2019 Q3,0,2019-09-01
522,12103682,2019 Q3,1,2019-09-01
523,12103682,2019 Q3,0,2019-09-01
524,12103684,2019 Q3,1,2019-09-01
525,12103684,2019 Q3,0,2019-09-01
526,12104937,2019 Q3,1,2019-09-01
527,12104937,2019 Q3,0,2019-09-01
528,12105052,2019 Q3,1,2019-09-01
529,12105052,2019 Q3,0,2019-09-01
530,12105056,2019 Q3,1,2019-09-01
531,12105056,2019 Q3,0,2019-09-01
532,12105062,2019 Q3,1,2019-09-01
533,12105062,2019 Q3,0,2019-09-01
534,12105066,2019 Q3,1,2019-09-01
535,12105066,2019 Q3,0,2019-09-01
536,12105067,2019 Q3,1,2019-09-01
537,12105067,2019 Q3,0,2019-09-01
538,12105068,2019 Q3,1,2019-09-01
539,12105068,2019 Q3,0,2019-09-01
540,12105070,2019 Q3,1,2019-09-01
541,12105070,2019 Q3,0,2019-09-01
542,12105079,2019 Q3,1,2019-09-01
543,12105079,2019 Q3,0,2019-09-01
544,12105099,2019 Q3,1,2019-09-01
545,12105099,2019 Q3,0,2019-09-01
546,12105166,2019 Q3,1,2019-09-01
547,12105166,2019 Q3,0,2019-09-01
548,12105169,2019 Q3,1,2019-09-01
549,12105169,2019 Q3,0,2019-09-01
550,12105171,2019 Q3,1,2019-09-01
551,12105171,2019 Q3,0,2019-09-01
552,12105173,2019 Q3,1,2019-09-01
553,12105173,2019 Q3,0,2019-09-01
554,12105295,2019 Q3,1,2019-09-01
555,12105295,2019 Q3,0,2019-09-01
556,12105296,2019 Q3,1,2019-09-01
557,12105296,2019 Q3,0,2019-09-01
558,12105297,2019 Q3,1,2019-09-01
559,12105297,2019 Q3,0,2019-09-01
560,12105298,2019 Q3,1,2019-09-01
561,12105298,2019 Q3,0,2019-09-01
562,12105425,2019 Q3,1,2019-09-01
563,12105425,2019 Q3,0,2019-09-01
564,12105433,2019 Q3,1,2019-09-01
565,12105433,2019 Q3,0,2019-09-01
566,HCC141356,2019 Q3,0,2019-09-01
567,HCC141357,2019 Q3,0,2019-09-01
568,HCC141358,2019 Q3,0,2019-09-01
569,HCC141359,2019 Q3,0,2019-09-01
570,HCC141360,2019 Q3,0,2019-09-01
571,HCC141361,2019 Q3,0,2019-09-01
572,HCC141362,2019 Q3,0,2019-09-01
573,HCC141363,2019 Q3,0,2019-09-01
574,HCC141364,2019 Q3,0,2019-09-01
575,HCC141365,2019 Q3,0,2019-09-01
576,HCC141366,2019 Q3,0,2019-09-01
577,HCC141367,2019 Q3,0,2019-09-01
578,HCC141368,2019 Q3,0,2019-09-01
579,HCC141369,2019 Q3,0,2019-09-01
580,HCC141370,2019 Q3,0,2019-09-01
581,HCC141371,2019 Q3,0,2019-09-01
582,HCC141372,2019 Q3,0,2019-09-01
583,HCC141373,2019 Q3,0,2019-09-01
584,HCC141374,2019 Q3,0,2019-09-01
585,HCC141375,2019 Q3,0,2019-09-01
586,HCC141376,2019 Q3,0,2019-09-01
587,HCC141377,2019 Q3,0,2019-09-01
588,HCC141378,2019 Q3,0,2019-09-01
589,HCC141379,2019 Q3,0,2019-09-01
590,HCC141380,2019 Q3,0,2019-09-01
591,HCC141381,2019 Q3,0,2019-09-01
592,HCC141382,2019 Q3,0,2019-09-01
593,HCC141383,2019 Q3,0,2019-09-01
594,HCC141384,2019 Q3,0,2019-09-01
595,HCC141385,2019 Q3,0,2019-09-01
596,HCC141386,2019 Q3,0,2019-09-01
597,HCC141387,2019 Q3,0,2019-09-01
598,HCC141388,2019 Q3,0,2019-09-01
599,HCC141389,2019 Q3,0,2019-09-01
600,HCC141390,2019 Q3,0,2019-09-01
601,HCC141391,2019 Q3,0,2019-09-01
602,HCC141392,2019 Q3,0,2019-09-01
603,HCC141393,2019 Q3,0,2019-09-01
604,HCC141394,2019 Q3,0,2019-09-01
605,HCC141395,2019 Q3,0,2019-09-01
606,HCC141396,2019 Q3,0,2019-09-01
607,HCC141397,2019 Q3,0,2019-09-01
608,HCC141398,2019 Q3,1,2019-09-01
609,HCC141399,2019 Q3,1,2019-09-01
610,HCC141400,2019 Q3,1,2019-09-01
611,HCC141401,2019 Q3,1,2019-09-01
612,HCC141402,2019 Q3,1,2019-09-01
613,HCC141403,2019 Q3,1,2019-09-01
614,HCC141404,2019 Q3,1,2019-09-01
615,HCC141405,2019 Q3,1,2019-09-01
616,HCC141406,2019 Q3,1,2019-09-01
617,HCC141407,2019 Q3,1,2019-09-01
618,HCC141408,2019 Q3,1,2019-09-01
619,HCC141409,2019 Q3,1,2019-09-01
620,HCC141410,2019 Q3,1,2019-09-01
621,HCC141411,2019 Q3,1,2019-09-01
622,HCC141412,2019 Q3,1,2019-09-01
623,HCC141413,2019 Q3,1,2019-09-01
624,HCC141414,2019 Q3,1,2019-09-01
625,HCC141415,2019 Q3,1,2019-09-01
626,160003,2019 Q3,0,2019-09-01
627,160020,2019 Q3,0,2019-09-01
628,160022,2019 Q3,0,2019-09-01
629,160036,2019 Q3,0,2019-09-01
630,160042,2019 Q3,0,2019-09-01
631,160071,2019 Q3,0,2019-09-01
632,160083,2019 Q3,0,2019-09-01
633,160105,2019 Q3,0,2019-09-01
634,160107,2019 Q3,0,2019-09-01
635,160109,2019 Q3,0,2019-09-01
636,160111,2019 Q3,0,2019-09-01
637,160137,2019 Q3,0,2019-09-01
638,160146,2019 Q3,0,2019-09-01
639,160156,2019 Q3,0,2019-09-01
640,160173,2019 Q3,0,2019-09-01
641,160175,2019 Q3,0,2019-09-01
642,160197,2019 Q3,1,2019-09-01
643,160197,2019 Q3,0,2019-09-01
644,160198,2019 Q3,1,2019-09-01
645,160199,2019 Q3,1,2019-09-01
646,160199,2019 Q3,0,2019-09-01
647,160200,2019 Q3,1,2019-09-01
648,160201,2019 Q3,1,2019-09-01
649,160201,2019 Q3,0,2019-09-01
650,160324,2019 Q3,1,2019-09-01
651,160203,2019 Q3,1,2019-09-01
652,160204,2019 Q3,1,2019-09-01
653,160205,2019 Q3,1,2019-09-01
654,160205,2019 Q3,0,2019-09-01
655,160206,2019 Q3,1,2019-09-01
656,160206,2019 Q3,0,2019-09-01
657,160207,2019 Q3,1,2019-09-01
658,160207,2019 Q3,0,2019-09-01
659,160208,2019 Q3,1,2019-09-01
660,160208,2019 Q3,0,2019-09-01
661,160209,2019 Q3,1,2019-09-01
662,160209,2019 Q3,0,2019-09-01
663,160210,2019 Q3,1,2019-09-01
664,160211,2019 Q3,1,2019-09-01
665,160211,2019 Q3,0,2019-09-01
666,160212,2019 Q3,1,2019-09-01
667,160212,2019 Q3,0,2019-09-01
668,160213,2019 Q3,1,2019-09-01
669,160213,2019 Q3,0,2019-09-01
670,160214,2019 Q3,1,2019-09-01
671,160215,2019 Q3,1,2019-09-01
672,160215,2019 Q3,0,2019-09-01
673,160216,2019 Q3,1,2019-09-01
674,160216,2019 Q3,0,2019-09-01
675,160217,2019 Q3,1,2019-09-01
676,160218,2019 Q3,1,2019-09-01
677,160218,2019 Q3,0,2019-09-01
678,160219,2019 Q3,1,2019-09-01
679,160219,2019 Q3,0,2019-09-01
680,160220,2019 Q3,1,2019-09-01
681,160220,2019 Q3,0,2019-09-01
682,160221,2019 Q3,1,2019-09-01
683,160221,2019 Q3,0,2019-09-01
684,160222,2019 Q3,1,2019-09-01
685,160222,2019 Q3,0,2019-09-01
686,160223,2019 Q3,1,2019-09-01
687,160223,2019 Q3,0,2019-09-01
688,160224,2019 Q3,1,2019-09-01
689,160225,2019 Q3,1,2019-09-01
690,160225,2019 Q3,0,2019-09-01
691,160226,2019 Q3,1,2019-09-01
692,160226,2019 Q3,0,2019-09-01
693,160227,2019 Q3,1,2019-09-01
694,160227,2019 Q3,0,2019-09-01
695,160228,2019 Q3,1,2019-09-01
696,160228,2019 Q3,0,2019-09-01
697,160229,2019 Q3,1,2019-09-01
698,160229,2019 Q3,0,2019-09-01
699,160230,2019 Q3,1,2019-09-01
700,160231,2019 Q3,1,2019-09-01
701,160232,2019 Q3,1,2019-09-01
702,160232,2019 Q3,0,2019-09-01
703,160233,2019 Q3,1,2019-09-01
704,160234,2019 Q3,1,2019-09-01
705,160235,2019 Q3,1,2019-09-01
706,160235,2019 Q3,0,2019-09-01
707,160236,2019 Q3,1,2019-09-01
708,160237,2019 Q3,1,2019-09-01
709,160238,2019 Q3,1,2019-09-01
710,160238,2019 Q3,0,2019-09-01
711,160239,2019 Q3,1,2019-09-01
712,160240,2019 Q3,1,2019-09-01
713,160240,2019 Q3,0,2019-09-01
714,160241,2019 Q3,1,2019-09-01
715,160241,2019 Q3,0,2019-09-01
716,160242,2019 Q3,1,2019-09-01
717,160242,2019 Q3,0,2019-09-01
718,160243,2019 Q3,1,2019-09-01
719,160243,2019 Q3,0,2019-09-01
720,160244,2019 Q3,1,2019-09-01
721,160245,2019 Q3,1,2019-09-01
722,160245,2019 Q3,0,2019-09-01
723,160246,2019 Q3,1,2019-09-01
724,160246,2019 Q3,0,2019-09-01
725,160247,2019 Q3,1,2019-09-01
726,160248,2019 Q3,1,2019-09-01
727,160248,2019 Q3,0,2019-09-01
728,160249,2019 Q3,1,2019-09-01
729,160250,2019 Q3,1,2019-09-01
730,160250,2019 Q3,0,2019-09-01
731,160251,2019 Q3,1,2019-09-01
732,160252,2019 Q3,1,2019-09-01
733,160252,2019 Q3,0,2019-09-01
734,160253,2019 Q3,1,2019-09-01
735,160253,2019 Q3,0,2019-09-01
736,160254,2019 Q3,1,2019-09-01
737,160255,2019 Q3,1,2019-09-01
738,160255,2019 Q3,0,2019-09-01
739,160256,2019 Q3,1,2019-09-01
740,160256,2019 Q3,0,2019-09-01
741,160257,2019 Q3,1,2019-09-01
742,160257,2019 Q3,0,2019-09-01
743,160258,2019 Q3,1,2019-09-01
744,160258,2019 Q3,0,2019-09-01
745,160259,2019 Q3,1,2019-09-01
746,160260,2019 Q3,1,2019-09-01
747,160261,2019 Q3,1,2019-09-01
748,160261,2019 Q3,0,2019-09-01
749,160262,2019 Q3,1,2019-09-01
750,160262,2019 Q3,0,2019-09-01
751,160263,2019 Q3,1,2019-09-01
752,160264,2019 Q3,1,2019-09-01
753,160265,2019 Q3,1,2019-09-01
754,160266,2019 Q3,1,2019-09-01
755,160267,2019 Q3,1,2019-09-01
756,160267,2019 Q3,0,2019-09-01
757,160268,2019 Q3,1,2019-09-01
758,160268,2019 Q3,0,2019-09-01
759,160269,2019 Q3,1,2019-09-01
760,160269,2019 Q3,0,2019-09-01
761,160270,2019 Q3,1,2019-09-01
762,160270,2019 Q3,0,2019-09-01
763,160271,2019 Q3,1,2019-09-01
764,160272,2019 Q3,1,2019-09-01
765,160272,2019 Q3,0,2019-09-01
766,160273,2019 Q3,1,2019-09-01
767,160273,2019 Q3,0,2019-09-01
768,160274,2019 Q3,1,2019-09-01
769,160274,2019 Q3,0,2019-09-01
770,160275,2019 Q3,1,2019-09-01
771,160276,2019 Q3,1,2019-09-01
772,160276,2019 Q3,0,2019-09-01
773,160277,2019 Q3,1,2019-09-01
774,160277,2019 Q3,0,2019-09-01
775,160278,2019 Q3,1,2019-09-01
776,160279,2019 Q3,1,2019-09-01
777,160279,2019 Q3,0,2019-09-01
778,160280,2019 Q3,1,2019-09-01
779,160280,2019 Q3,0,2019-09-01
780,160281,2019 Q3,1,2019-09-01
781,160282,2019 Q3,1,2019-09-01
782,160282,2019 Q3,0,2019-09-01
783,160283,2019 Q3,1,2019-09-01
784,160283,2019 Q3,0,2019-09-01
785,160284,2019 Q3,1,2019-09-01
786,160285,2019 Q3,1,2019-09-01
787,160286,2019 Q3,1,2019-09-01
788,160287,2019 Q3,1,2019-09-01
789,160288,2019 Q3,1,2019-09-01
790,160289,2019 Q3,1,2019-09-01
791,160289,2019 Q3,0,2019-09-01
792,160290,2019 Q3,1,2019-09-01
793,160291,2019 Q3,1,2019-09-01
794,160292,2019 Q3,1,2019-09-01
795,160293,2019 Q3,1,2019-09-01
796,160293,2019 Q3,0,2019-09-01
797,160294,2019 Q3,1,2019-09-01
798,160294,2019 Q3,0,2019-09-01
799,160295,2019 Q3,1,2019-09-01
800,160295,2019 Q3,0,2019-09-01
801,160296,2019 Q3,1,2019-09-01
802,160297,2019 Q3,1,2019-09-01
803,160297,2019 Q3,0,2019-09-01
804,160298,2019 Q3,1,2019-09-01
805,160298,2019 Q3,0,2019-09-01
806,160299,2019 Q3,1,2019-09-01
807,160299,2019 Q3,0,2019-09-01
808,160300,2019 Q3,1,2019-09-01
809,160300,2019 Q3,0,2019-09-01
810,160301,2019 Q3,1,2019-09-01
811,160301,2019 Q3,0,2019-09-01
812,160302,2019 Q3,1,2019-09-01
813,160303,2019 Q3,1,2019-09-01
814,160304,2019 Q3,1,2019-09-01
815,160305,2019 Q3,1,2019-09-01
816,160305,2019 Q3,0,2019-09-01
817,160306,2019 Q3,1,2019-09-01
818,160307,2019 Q3,1,2019-09-01
819,160308,2019 Q3,1,2019-09-01
820,160309,2019 Q3,1,2019-09-01
821,160309,2019 Q3,0,2019-09-01
822,160310,2019 Q3,1,2019-09-01
823,160310,2019 Q3,0,2019-09-01
824,160311,2019 Q3,1,2019-09-01
825,160312,2019 Q3,1,2019-09-01
826,160312,2019 Q3,0,2019-09-01
827,160313,2019 Q3,1,2019-09-01
828,160314,2019 Q3,1,2019-09-01
829,160315,2019 Q3,1,2019-09-01
830,160316,2019 Q3,1,2019-09-01
831,160317,2019 Q3,1,2019-09-01
832,160318,2019 Q3,1,2019-09-01
833,160318,2019 Q3,0,2019-09-01
834,160319,2019 Q3,1,2019-09-01
835,160319,2019 Q3,0,2019-09-01
836,160320,2019 Q3,1,2019-09-01
837,160320,2019 Q3,0,2019-09-01
838,160321,2019 Q3,1,2019-09-01
839,160321,2019 Q3,0,2019-09-01
840,160322,2019 Q3,1,2019-09-01
841,160323,2019 Q3,1,2019-09-01
842,1758827,2019 Q3,1,2019-09-01
843,1777519,2019 Q3,1,2019-09-01
844,1777844,2019 Q3,1,2019-09-01
845,1777855,2019 Q3,1,2019-09-01
846,1775746,2019 Q3,1,2019-09-01
847,1777124,2019 Q3,1,2019-09-01
848,1777189,2019 Q3,1,2019-09-01
849,1777228,2019 Q3,1,2019-09-01
850,1777316,2019 Q3,1,2019-09-01
851,1777552,2019 Q3,1,2019-09-01
852,1777701,2019 Q3,1,2019-09-01
853,1777778,2019 Q3,1,2019-09-01
854,1731063,2019 Q3,1,2019-09-01
855,1772199,2019 Q3,1,2019-09-01
856,1774392,2019 Q3,1,2019-09-01
857,1775954,2019 Q3,1,2019-09-01
858,1776769,2019 Q3,1,2019-09-01
859,1777039,2019 Q3,1,2019-09-01
860,1777137,2019 Q3,1,2019-09-01
861,1777139,2019 Q3,1,2019-09-01
862,1777144,2019 Q3,1,2019-09-01
863,1777179,2019 Q3,1,2019-09-01
864,1777206,2019 Q3,1,2019-09-01
865,1777253,2019 Q3,1,2019-09-01
866,1777256,2019 Q3,1,2019-09-01
867,1777310,2019 Q3,1,2019-09-01
868,1777323,2019 Q3,1,2019-09-01
869,1777343,2019 Q3,1,2019-09-01
870,1777375,2019 Q3,1,2019-09-01
871,1777379,2019 Q3,1,2019-09-01
872,1777402,2019 Q3,1,2019-09-01
873,1777422,2019 Q3,1,2019-09-01
874,1777428,2019 Q3,1,2019-09-01
875,1777452,2019 Q3,1,2019-09-01
876,1777457,2019 Q3,1,2019-09-01
877,1777467,2019 Q3,1,2019-09-01
878,1777496,2019 Q3,1,2019-09-01
879,1777544,2019 Q3,1,2019-09-01
880,1777561,2019 Q3,1,2019-09-01
881,1777589,2019 Q3,1,2019-09-01
882,1777628,2019 Q3,1,2019-09-01
883,1777638,2019 Q3,1,2019-09-01
884,1777699,2019 Q3,1,2019-09-01
885,1777793,2019 Q3,1,2019-09-01
886,1777815,2019 Q3,1,2019-09-01
887,1777880,2019 Q3,1,2019-09-01
888,1777950,2019 Q3,1,2019-09-01
889,1777957,2019 Q3,1,2019-09-01
890,1778005,2019 Q3,1,2019-09-01
891,1726036,2019 Q3,0,2019-09-01
892,1728139,2019 Q3,0,2019-09-01
893,1729065,2019 Q3,0,2019-09-01
894,1743412,2019 Q3,0,2019-09-01
895,1759635,2019 Q3,0,2019-09-01
896,1770372,2019 Q3,0,2019-09-01
897,1770677,2019 Q3,0,2019-09-01
898,1772537,2019 Q3,0,2019-09-01
899,1773257,2019 Q3,0,2019-09-01
900,1774723,2019 Q3,0,2019-09-01
901,1775036,2019 Q3,0,2019-09-01
902,1775070,2019 Q3,0,2019-09-01
903,1775211,2019 Q3,0,2019-09-01
904,1775413,2019 Q3,0,2019-09-01
905,1775735,2019 Q3,0,2019-09-01
906,1776173,2019 Q3,0,2019-09-01
907,1776358,2019 Q3,0,2019-09-01
908,1776415,2019 Q3,0,2019-09-01
909,1776524,2019 Q3,0,2019-09-01
910,1776949,2019 Q3,0,2019-09-01
911,1777062,2019 Q3,0,2019-09-01
912,1777229,2019 Q3,0,2019-09-01
913,1777423,2019 Q3,0,2019-09-01
914,1777467,2019 Q3,0,2019-09-01
915,1777561,2019 Q3,0,2019-09-01
916,1777834,2019 Q3,0,2019-09-01
917,1777855,2019 Q3,0,2019-09-01
918,1728009,2019 Q3,0,2019-09-01
919,1768898,2019 Q3,0,2019-09-01
920,1770728,2019 Q3,0,2019-09-01
921,1773714,2019 Q3,0,2019-09-01
922,1774721,2019 Q3,0,2019-09-01
923,1775746,2019 Q3,0,2019-09-01
924,1775954,2019 Q3,0,2019-09-01
925,1776184,2019 Q3,0,2019-09-01
926,1776444,2019 Q3,0,2019-09-01
927,1776775,2019 Q3,0,2019-09-01
928,1776945,2019 Q3,0,2019-09-01
929,1777142,2019 Q3,0,2019-09-01
930,1777318,2019 Q3,0,2019-09-01
931,1777462,2019 Q3,0,2019-09-01
932,1777553,2019 Q3,0,2019-09-01
933,1725479,2019 Q3,0,2019-09-01
934,1727700,2019 Q3,0,2019-09-01
935,1731853,2019 Q3,0,2019-09-01
936,1739328,2019 Q3,0,2019-09-01
937,1752501,2019 Q3,0,2019-09-01
938,1770494,2019 Q3,0,2019-09-01
939,1771333,2019 Q3,0,2019-09-01
940,1772199,2019 Q3,0,2019-09-01
941,1772469,2019 Q3,0,2019-09-01
942,1772904,2019 Q3,0,2019-09-01
943,1773541,2019 Q3,0,2019-09-01
944,1774392,2019 Q3,0,2019-09-01
945,1775058,2019 Q3,0,2019-09-01
946,1775313,2019 Q3,0,2019-09-01
947,1775749,2019 Q3,0,2019-09-01
948,1776264,2019 Q3,0,2019-09-01
949,1776605,2019 Q3,0,2019-09-01
950,1776679,2019 Q3,0,2019-09-01
951,1776769,2019 Q3,0,2019-09-01
952,1776786,2019 Q3,0,2019-09-01
953,1776795,2019 Q3,0,2019-09-01
954,1776894,2019 Q3,0,2019-09-01
955,1777039,2019 Q3,0,2019-09-01
956,1777137,2019 Q3,0,2019-09-01
957,1777144,2019 Q3,0,2019-09-01
958,1777179,2019 Q3,0,2019-09-01
959,1777206,2019 Q3,0,2019-09-01
960,1777254,2019 Q3,0,2019-09-01
961,1777314,2019 Q3,0,2019-09-01
962,1777343,2019 Q3,0,2019-09-01
963,1777379,2019 Q3,0,2019-09-01
964,1777404,2019 Q3,0,2019-09-01
965,1777451,2019 Q3,0,2019-09-01
966,1777457,2019 Q3,0,2019-09-01
967,1777544,2019 Q3,0,2019-09-01
968,1777589,2019 Q3,0,2019-09-01
969,1777632,2019 Q3,0,2019-09-01
970,1777640,2019 Q3,0,2019-09-01
971,1777790,2019 Q3,0,2019-09-01
972,1778004,2019 Q3,0,2019-09-01
973,1729695,2019 Q3,0,2019-09-01
974,1731475,2019 Q3,0,2019-09-01
975,1769209,2019 Q3,0,2019-09-01
976,1777109,2019 Q3,0,2019-09-01
977,1777139,2019 Q3,0,2019-09-01
978,1777228,2019 Q3,0,2019-09-01
979,1777256,2019 Q3,0,2019-09-01
980,1777310,2019 Q3,0,2019-09-01
981,1777354,2019 Q3,0,2019-09-01
982,1777428,2019 Q3,0,2019-09-01
983,1777519,2019 Q3,0,2019-09-01
984,1777580,2019 Q3,0,2019-09-01
985,1777700,2019 Q3,0,2019-09-01
986,1777770,2019 Q3,0,2019-09-01
987,1777815,2019 Q3,0,2019-09-01
988,1777870,2019 Q3,0,2019-09-01
989,1777907,2019 Q3,0,2019-09-01
990,1777957,2019 Q3,0,2019-09-01
991,1731475,2019 Q3,1,2019-09-01
992,1771733,2019 Q3,1,2019-09-01
993,1777205,2019 Q3,1,2019-09-01
994,1777287,2019 Q3,1,2019-09-01
995,1777332,2019 Q3,1,2019-09-01
996,1777423,2019 Q3,1,2019-09-01
997,1777499,2019 Q3,1,2019-09-01
998,1777834,2019 Q3,1,2019-09-01
999,1777848,2019 Q3,1,2019-09-01
1000,1777870,2019 Q3,1,2019-09-01
1001,1741511,2019 Q3,1,2019-09-01
1002,1775750,2019 Q3,1,2019-09-01
1003,1777142,2019 Q3,1,2019-09-01
1004,1777318,2019 Q3,1,2019-09-01
1005,1777377,2019 Q3,1,2019-09-01
1006,1777462,2019 Q3,1,2019-09-01
1007,1777553,2019 Q3,1,2019-09-01
1008,1777812,2019 Q3,1,2019-09-01
1009,1777952,2019 Q3,1,2019-09-01
1010,1729695,2019 Q3,1,2019-09-01
1011,1774297,2019 Q3,1,2019-09-01
1012,1774742,2019 Q3,1,2019-09-01
1013,1776083,2019 Q3,1,2019-09-01
1014,1777030,2019 Q3,1,2019-09-01
1015,1777109,2019 Q3,1,2019-09-01
1016,1777133,2019 Q3,1,2019-09-01
1017,1777138,2019 Q3,1,2019-09-01
1018,1777146,2019 Q3,1,2019-09-01
1019,1777182,2019 Q3,1,2019-09-01
1020,1777226,2019 Q3,1,2019-09-01
1021,1777229,2019 Q3,1,2019-09-01
1022,1777254,2019 Q3,1,2019-09-01
1023,1777308,2019 Q3,1,2019-09-01
1024,1777314,2019 Q3,1,2019-09-01
1025,1777354,2019 Q3,1,2019-09-01
1026,1777398,2019 Q3,1,2019-09-01
1027,1777404,2019 Q3,1,2019-09-01
1028,1777451,2019 Q3,1,2019-09-01
1029,1777456,2019 Q3,1,2019-09-01
1030,1777478,2019 Q3,1,2019-09-01
1031,1777539,2019 Q3,1,2019-09-01
1032,1777551,2019 Q3,1,2019-09-01
1033,1777580,2019 Q3,1,2019-09-01
1034,1777619,2019 Q3,1,2019-09-01
1035,1777632,2019 Q3,1,2019-09-01
1036,1777640,2019 Q3,1,2019-09-01
1037,1777700,2019 Q3,1,2019-09-01
1038,1777770,2019 Q3,1,2019-09-01
1039,1777790,2019 Q3,1,2019-09-01
1040,1777907,2019 Q3,1,2019-09-01
1041,1778004,2019 Q3,1,2019-09-01
1042,1724947,2019 Q3,0,2019-09-01
1043,1726852,2019 Q3,0,2019-09-01
1044,1728787,2019 Q3,0,2019-09-01
1045,1730139,2019 Q3,0,2019-09-01
1046,1752445,2019 Q3,0,2019-09-01
1047,1758827,2019 Q3,0,2019-09-01
1048,1769450,2019 Q3,0,2019-09-01
1049,1769640,2019 Q3,0,2019-09-01
1050,1770614,2019 Q3,0,2019-09-01
1051,1771733,2019 Q3,0,2019-09-01
1052,1774033,2019 Q3,0,2019-09-01
1053,1774946,2019 Q3,0,2019-09-01
1054,1775057,2019 Q3,0,2019-09-01
1055,1775172,2019 Q3,0,2019-09-01
1056,1775329,2019 Q3,0,2019-09-01
1057,1775613,2019 Q3,0,2019-09-01
1058,1776127,2019 Q3,0,2019-09-01
1059,1776183,2019 Q3,0,2019-09-01
1060,1776351,2019 Q3,0,2019-09-01
1061,1776405,2019 Q3,0,2019-09-01
1062,1776463,2019 Q3,0,2019-09-01
1063,1776827,2019 Q3,0,2019-09-01
1064,1776983,2019 Q3,0,2019-09-01
1065,1777205,2019 Q3,0,2019-09-01
1066,1777287,2019 Q3,0,2019-09-01
1067,1777456,2019 Q3,0,2019-09-01
1068,1777499,2019 Q3,0,2019-09-01
1069,1777793,2019 Q3,0,2019-09-01
1070,1777848,2019 Q3,0,2019-09-01
1071,1726387,2019 Q3,0,2019-09-01
1072,1728733,2019 Q3,0,2019-09-01
1073,1729697,2019 Q3,0,2019-09-01
1074,1769593,2019 Q3,0,2019-09-01
1075,1773134,2019 Q3,0,2019-09-01
1076,1774572,2019 Q3,0,2019-09-01
1077,1774742,2019 Q3,0,2019-09-01
1078,1775772,2019 Q3,0,2019-09-01
1079,1776083,2019 Q3,0,2019-09-01
1080,1776243,2019 Q3,0,2019-09-01
1081,1776533,2019 Q3,0,2019-09-01
1082,1776876,2019 Q3,0,2019-09-01
1083,1777104,2019 Q3,0,2019-09-01
1084,1777316,2019 Q3,0,2019-09-01
1085,1777377,2019 Q3,0,2019-09-01
1086,1777552,2019 Q3,0,2019-09-01
1087,1777778,2019 Q3,0,2019-09-01
1088,1727080,2019 Q3,0,2019-09-01
1089,1739078,2019 Q3,0,2019-09-01
1090,1769082,2019 Q3,0,2019-09-01
1091,1771104,2019 Q3,0,2019-09-01
1092,1771621,2019 Q3,0,2019-09-01
1093,1772346,2019 Q3,0,2019-09-01
1094,1772748,2019 Q3,0,2019-09-01
1095,1773268,2019 Q3,0,2019-09-01
1096,1774297,2019 Q3,0,2019-09-01
1097,1774945,2019 Q3,0,2019-09-01
1098,1775121,2019 Q3,0,2019-09-01
1099,1775700,2019 Q3,0,2019-09-01
1100,1776035,2019 Q3,0,2019-09-01
1101,1776323,2019 Q3,0,2019-09-01
1102,1776676,2019 Q3,0,2019-09-01
1103,1776681,2019 Q3,0,2019-09-01
1104,1776777,2019 Q3,0,2019-09-01
1105,1776789,2019 Q3,0,2019-09-01
1106,1776807,2019 Q3,0,2019-09-01
1107,1777030,2019 Q3,0,2019-09-01
1108,1777133,2019 Q3,0,2019-09-01
1109,1777138,2019 Q3,0,2019-09-01
1110,1777146,2019 Q3,0,2019-09-01
1111,1777182,2019 Q3,0,2019-09-01
1112,1777226,2019 Q3,0,2019-09-01
1113,1777308,2019 Q3,0,2019-09-01
1114,1777323,2019 Q3,0,2019-09-01
1115,1777375,2019 Q3,0,2019-09-01
1116,1777398,2019 Q3,0,2019-09-01
1117,1777422,2019 Q3,0,2019-09-01
1118,1777452,2019 Q3,0,2019-09-01
1119,1777478,2019 Q3,0,2019-09-01
1120,1777551,2019 Q3,0,2019-09-01
1121,1777619,2019 Q3,0,2019-09-01
1122,1777638,2019 Q3,0,2019-09-01
1123,1777699,2019 Q3,0,2019-09-01
1124,1777950,2019 Q3,0,2019-09-01
1125,1778005,2019 Q3,0,2019-09-01
1126,1731063,2019 Q3,0,2019-09-01
1127,1741511,2019 Q3,0,2019-09-01
1128,1775750,2019 Q3,0,2019-09-01
1129,1777124,2019 Q3,0,2019-09-01
1130,1777189,2019 Q3,0,2019-09-01
1131,1777253,2019 Q3,0,2019-09-01
1132,1777307,2019 Q3,0,2019-09-01
1133,1777332,2019 Q3,0,2019-09-01
1134,1777402,2019 Q3,0,2019-09-01
1135,1777496,2019 Q3,0,2019-09-01
1136,1777539,2019 Q3,0,2019-09-01
1137,1777628,2019 Q3,0,2019-09-01
1138,1777701,2019 Q3,0,2019-09-01
1139,1777812,2019 Q3,0,2019-09-01
1140,1777844,2019 Q3,0,2019-09-01
1141,1777880,2019 Q3,0,2019-09-01
1142,1777952,2019 Q3,0,2019-09-01
1143,1777307,2019 Q3,1,2019-09-01
1144,1755086,2019 Q3,0,2019-09-01
1145,1755086,2019 Q3,1,2019-09-01
1146,1769591,2019 Q3,0,2019-09-01
1147,1769591,2019 Q3,1,2019-09-01
1148,1776301,2019 Q3,0,2019-09-01
1149,1776301,2019 Q3,1,2019-09-01
1150,1727874,2019 Q3,0,2019-09-01
1151,1727874,2019 Q3,1,2019-09-01
1152,1757803,2019 Q3,0,2019-09-01
1153,1757803,2019 Q3,1,2019-09-01
1154,1777046,2019 Q3,0,2019-09-01
1155,1777046,2019 Q3,1,2019-09-01
1156,1777061,2019 Q3,0,2019-09-01
1157,1777061,2019 Q3,1,2019-09-01
1158,1816039,2019 Q3,0,2019-09-01
1159,1829134,2019 Q3,0,2019-09-01
1160,1840279,2019 Q3,1,2019-09-01
1161,1840279,2019 Q3,0,2019-09-01
1162,1841901,2019 Q3,0,2019-09-01
1163,1841979,2019 Q3,0,2019-09-01
1164,1843538,2019 Q3,0,2019-09-01
1165,1845689,2019 Q3,0,2019-09-01
1166,1845793,2019 Q3,0,2019-09-01
1167,1846298,2019 Q3,1,2019-09-01
1168,1846298,2019 Q3,0,2019-09-01
1169,1846527,2019 Q3,0,2019-09-01
1170,1848336,2019 Q3,0,2019-09-01
1171,1848683,2019 Q3,0,2019-09-01
1172,1848759,2019 Q3,0,2019-09-01
1173,1849202,2019 Q3,1,2019-09-01
1174,1849202,2019 Q3,0,2019-09-01
1175,1849261,2019 Q3,0,2019-09-01
1176,1850388,2019 Q3,0,2019-09-01
1177,1850827,2019 Q3,0,2019-09-01
1178,1851128,2019 Q3,0,2019-09-01
1179,1853518,2019 Q3,0,2019-09-01
1180,1854041,2019 Q3,0,2019-09-01
1181,1854097,2019 Q3,0,2019-09-01
1182,1854452,2019 Q3,0,2019-09-01
1183,1854654,2019 Q3,0,2019-09-01
1184,1854797,2019 Q3,0,2019-09-01
1185,1854894,2019 Q3,0,2019-09-01
1186,1855153,2019 Q3,0,2019-09-01
1187,1855207,2019 Q3,0,2019-09-01
1188,1855442,2019 Q3,0,2019-09-01
1189,1855650,2019 Q3,0,2019-09-01
1190,1856521,2019 Q3,0,2019-09-01
1191,1856811,2019 Q3,0,2019-09-01
1192,1857477,2019 Q3,0,2019-09-01
1193,1862074,2019 Q3,0,2019-09-01
1194,1862956,2019 Q3,0,2019-09-01
1195,1863423,2019 Q3,1,2019-09-01
1196,1863709,2019 Q3,0,2019-09-01
1197,1863991,2019 Q3,0,2019-09-01
1198,1864288,2019 Q3,1,2019-09-01
1199,1864366,2019 Q3,0,2019-09-01
1200,1864502,2019 Q3,0,2019-09-01
1201,1864902,2019 Q3,0,2019-09-01
1202,1865486,2019 Q3,1,2019-09-01
1203,1865486,2019 Q3,0,2019-09-01
1204,1866125,2019 Q3,0,2019-09-01
1205,1866599,2019 Q3,0,2019-09-01
1206,1867037,2019 Q3,0,2019-09-01
1207,1871297,2019 Q3,0,2019-09-01
1208,18100040,2019 Q3,0,2019-09-01
1209,18100282,2019 Q3,0,2019-09-01
1210,18100364,2019 Q3,0,2019-09-01
1211,18101401,2019 Q3,0,2019-09-01
1212,18102178,2019 Q3,0,2019-09-01
1213,18102544,2019 Q3,0,2019-09-01
1214,18103135,2019 Q3,0,2019-09-01
1215,18103402,2019 Q3,0,2019-09-01
1216,18103535,2019 Q3,0,2019-09-01
1217,18104238,2019 Q3,0,2019-09-01
1218,18104267,2019 Q3,0,2019-09-01
1219,18104505,2019 Q3,0,2019-09-01
1220,18104710,2019 Q3,0,2019-09-01
1221,18105152,2019 Q3,0,2019-09-01
1222,18109109,2019 Q3,0,2019-09-01
1223,18109542,2019 Q3,0,2019-09-01
1224,18109653,2019 Q3,0,2019-09-01
1225,18109991,2019 Q3,0,2019-09-01
1226,18111547,2019 Q3,0,2019-09-01
1227,18111769,2019 Q3,0,2019-09-01
1228,18112217,2019 Q3,0,2019-09-01
1229,18112505,2019 Q3,0,2019-09-01
1230,18112666,2019 Q3,0,2019-09-01
1231,18113223,2019 Q3,0,2019-09-01
1232,18113303,2019 Q3,0,2019-09-01
1233,18114205,2019 Q3,0,2019-09-01
1234,18115057,2019 Q3,0,2019-09-01
1235,18115623,2019 Q3,0,2019-09-01
1236,18115825,2019 Q3,0,2019-09-01
1237,18115862,2019 Q3,0,2019-09-01
1238,18116452,2019 Q3,0,2019-09-01
1239,18116651,2019 Q3,0,2019-09-01
1240,18116924,2019 Q3,0,2019-09-01
1241,18116935,2019 Q3,0,2019-09-01
1242,18118025,2019 Q3,0,2019-09-01
1243,18118158,2019 Q3,0,2019-09-01
1244,18118242,2019 Q3,0,2019-09-01
1245,18118263,2019 Q3,0,2019-09-01
1246,18118324,2019 Q3,0,2019-09-01
1247,18118498,2019 Q3,0,2019-09-01
1248,18118619,2019 Q3,0,2019-09-01
1249,18118633,2019 Q3,0,2019-09-01
1250,18118763,2019 Q3,0,2019-09-01
1251,18118771,2019 Q3,0,2019-09-01
1252,18118902,2019 Q3,0,2019-09-01
1253,18118935,2019 Q3,0,2019-09-01
1254,18119097,2019 Q3,0,2019-09-01
1255,18119385,2019 Q3,0,2019-09-01
1256,18119395,2019 Q3,0,2019-09-01
1257,18119490,2019 Q3,0,2019-09-01
1258,18119626,2019 Q3,0,2019-09-01
1259,18119696,2019 Q3,0,2019-09-01
1260,18119707,2019 Q3,0,2019-09-01
1261,18119740,2019 Q3,0,2019-09-01
1262,18119902,2019 Q3,0,2019-09-01
1263,18119931,2019 Q3,0,2019-09-01
1264,18119935,2019 Q3,0,2019-09-01
1265,18119943,2019 Q3,0,2019-09-01
1266,18120224,2019 Q3,0,2019-09-01
1267,18120272,2019 Q3,0,2019-09-01
1268,18120296,2019 Q3,0,2019-09-01
1269,18120549,2019 Q3,0,2019-09-01
1270,18120583,2019 Q3,0,2019-09-01
1271,18120655,2019 Q3,0,2019-09-01
1272,18120738,2019 Q3,0,2019-09-01
1273,18120810,2019 Q3,0,2019-09-01
1274,18120893,2019 Q3,1,2019-09-01
1275,18120893,2019 Q3,0,2019-09-01
1276,18121212,2019 Q3,0,2019-09-01
1277,18121239,2019 Q3,0,2019-09-01
1278,18121757,2019 Q3,0,2019-09-01
1279,18122015,2019 Q3,0,2019-09-01
1280,18122063,2019 Q3,0,2019-09-01
1281,18122075,2019 Q3,0,2019-09-01
1282,18122978,2019 Q3,0,2019-09-01
1283,18123431,2019 Q3,0,2019-09-01
1284,18123498,2019 Q3,0,2019-09-01
1285,18123563,2019 Q3,0,2019-09-01
1286,18123625,2019 Q3,0,2019-09-01
1287,18123693,2019 Q3,0,2019-09-01
1288,18123697,2019 Q3,0,2019-09-01
1289,18123820,2019 Q3,0,2019-09-01
1290,18123942,2019 Q3,0,2019-09-01
1291,18123966,2019 Q3,0,2019-09-01
1292,18123992,2019 Q3,0,2019-09-01
1293,18124072,2019 Q3,0,2019-09-01
1294,18124119,2019 Q3,0,2019-09-01
1295,18124125,2019 Q3,0,2019-09-01
1296,18124173,2019 Q3,0,2019-09-01
1297,18124396,2019 Q3,0,2019-09-01
1298,18124456,2019 Q3,0,2019-09-01
1299,18124485,2019 Q3,0,2019-09-01
1300,18124645,2019 Q3,0,2019-09-01
1301,18124712,2019 Q3,0,2019-09-01
1302,18124763,2019 Q3,0,2019-09-01
1303,18124766,2019 Q3,0,2019-09-01
1304,18124811,2019 Q3,0,2019-09-01
1305,18124865,2019 Q3,0,2019-09-01
1306,18124902,2019 Q3,0,2019-09-01
1307,18125017,2019 Q3,0,2019-09-01
1308,18125091,2019 Q3,0,2019-09-01
1309,18125129,2019 Q3,0,2019-09-01
1310,18125541,2019 Q3,0,2019-09-01
1311,18125575,2019 Q3,0,2019-09-01
1312,18125729,2019 Q3,1,2019-09-01
1313,18125810,2019 Q3,0,2019-09-01
1314,18125973,2019 Q3,0,2019-09-01
1315,18125993,2019 Q3,1,2019-09-01
1316,18125993,2019 Q3,0,2019-09-01
1317,18126162,2019 Q3,1,2019-09-01
1318,18126278,2019 Q3,0,2019-09-01
1319,18126447,2019 Q3,1,2019-09-01
1320,18127764,2019 Q3,1,2019-09-01
1321,18127764,2019 Q3,0,2019-09-01
1322,18127771,2019 Q3,1,2019-09-01
1323,18127771,2019 Q3,0,2019-09-01
1324,18128019,2019 Q3,1,2019-09-01
1325,18128061,2019 Q3,1,2019-09-01
1326,18128967,2019 Q3,1,2019-09-01
1327,18129131,2019 Q3,1,2019-09-01
1328,1964245,2019 Q3,1,2019-09-01
1329,1962929,2019 Q3,1,2019-09-01
1330,1925455,2019 Q3,1,2019-09-01
1331,1964295,2019 Q3,1,2019-09-01
1332,1961237,2019 Q3,1,2019-09-01
1333,1961679,2019 Q3,1,2019-09-01
1334,1963114,2019 Q3,1,2019-09-01
1335,1962831,2019 Q3,1,2019-09-01
1336,1963916,2019 Q3,1,2019-09-01
1337,1960766,2019 Q3,1,2019-09-01
1338,1963464,2019 Q3,1,2019-09-01
1339,1963568,2019 Q3,1,2019-09-01
1340,1963971,2019 Q3,1,2019-09-01
1341,1964191,2019 Q3,1,2019-09-01
1342,1962130,2019 Q3,1,2019-09-01
1343,1964997,2019 Q3,1,2019-09-01
1344,1960123,2019 Q3,1,2019-09-01
1345,1964193,2019 Q3,1,2019-09-01
1346,1962974,2019 Q3,1,2019-09-01
1347,1962603,2019 Q3,1,2019-09-01
1348,1963685,2019 Q3,1,2019-09-01
1349,1952569,2019 Q3,1,2019-09-01
1350,1964276,2019 Q3,1,2019-09-01
1351,1963625,2019 Q3,1,2019-09-01
1352,1962883,2019 Q3,1,2019-09-01
1353,1963499,2019 Q3,1,2019-09-01
1354,1943817,2019 Q3,1,2019-09-01
1355,1964358,2019 Q3,1,2019-09-01
1356,1962015,2019 Q3,1,2019-09-01
1357,1964280,2019 Q3,1,2019-09-01
1358,1960395,2019 Q3,1,2019-09-01
1359,1963634,2019 Q3,1,2019-09-01
1360,1965446,2019 Q3,1,2019-09-01
1361,1964311,2019 Q3,1,2019-09-01
1362,1963124,2019 Q3,1,2019-09-01
1363,1963126,2019 Q3,1,2019-09-01
1364,1956695,2019 Q3,1,2019-09-01
1365,1965157,2019 Q3,1,2019-09-01
1366,1963235,2019 Q3,1,2019-09-01
1367,1962763,2019 Q3,1,2019-09-01
1368,1964676,2019 Q3,1,2019-09-01
1369,1963741,2019 Q3,1,2019-09-01
1370,1964102,2019 Q3,1,2019-09-01
1371,1964936,2019 Q3,1,2019-09-01
1372,1964842,2019 Q3,1,2019-09-01
1373,1961077,2019 Q3,1,2019-09-01
1374,1964935,2019 Q3,1,2019-09-01
1375,1963125,2019 Q3,1,2019-09-01
1376,1961203,2019 Q3,1,2019-09-01
1377,1964237,2019 Q3,1,2019-09-01
1378,1963873,2019 Q3,1,2019-09-01
1379,1964678,2019 Q3,1,2019-09-01
1380,1964496,2019 Q3,1,2019-09-01
1381,1962082,2019 Q3,1,2019-09-01
1382,1964367,2019 Q3,1,2019-09-01
1383,1964469,2019 Q3,1,2019-09-01
1384,1964068,2019 Q3,1,2019-09-01
1385,1963349,2019 Q3,1,2019-09-01
1386,1960102,2019 Q3,1,2019-09-01
1387,1963085,2019 Q3,1,2019-09-01
1388,1911759,2019 Q3,1,2019-09-01
1389,1964194,2019 Q3,1,2019-09-01
1390,1961600,2019 Q3,1,2019-09-01
1391,1964933,2019 Q3,1,2019-09-01
1392,1917089,2019 Q3,1,2019-09-01
1393,1950901,2019 Q3,1,2019-09-01
1394,1963112,2019 Q3,1,2019-09-01
1395,1964083,2019 Q3,1,2019-09-01
1396,1957308,2019 Q3,1,2019-09-01
1397,1964671,2019 Q3,1,2019-09-01
1398,1963558,2019 Q3,1,2019-09-01
1399,1964423,2019 Q3,1,2019-09-01
1400,1964294,2019 Q3,1,2019-09-01
1401,1963356,2019 Q3,1,2019-09-01
1402,1963833,2019 Q3,1,2019-09-01
1403,1964634,2019 Q3,1,2019-09-01
1404,1964638,2019 Q3,1,2019-09-01
1405,1964072,2019 Q3,1,2019-09-01
1406,1962720,2019 Q3,1,2019-09-01
1407,1961948,2019 Q3,1,2019-09-01
1408,1960593,2019 Q3,1,2019-09-01
1409,1963475,2019 Q3,1,2019-09-01
1410,1962436,2019 Q3,1,2019-09-01
1411,1962705,2019 Q3,1,2019-09-01
1412,1962860,2019 Q3,1,2019-09-01
1413,1963065,2019 Q3,1,2019-09-01
1414,1961234,2019 Q3,1,2019-09-01
1415,1963145,2019 Q3,1,2019-09-01
1416,1962835,2019 Q3,1,2019-09-01
1417,1910840,2019 Q3,0,2019-09-01
1418,1911759,2019 Q3,0,2019-09-01
1419,1914010,2019 Q3,0,2019-09-01
1420,1917089,2019 Q3,0,2019-09-01
1421,1917825,2019 Q3,0,2019-09-01
1422,1919399,2019 Q3,0,2019-09-01
1423,1925455,2019 Q3,0,2019-09-01
1424,1925586,2019 Q3,0,2019-09-01
1425,1941636,2019 Q3,0,2019-09-01
1426,1943817,2019 Q3,0,2019-09-01
1427,1944593,2019 Q3,0,2019-09-01
1428,1945419,2019 Q3,0,2019-09-01
1429,1945444,2019 Q3,0,2019-09-01
1430,1945742,2019 Q3,0,2019-09-01
1431,1948017,2019 Q3,0,2019-09-01
1432,1948669,2019 Q3,0,2019-09-01
1433,1949777,2019 Q3,0,2019-09-01
1434,1949962,2019 Q3,0,2019-09-01
1435,1950283,2019 Q3,0,2019-09-01
1436,1950579,2019 Q3,0,2019-09-01
1437,1950600,2019 Q3,0,2019-09-01
1438,1950731,2019 Q3,0,2019-09-01
1439,1950858,2019 Q3,0,2019-09-01
1440,1950901,2019 Q3,0,2019-09-01
1441,1951161,2019 Q3,0,2019-09-01
1442,1951182,2019 Q3,0,2019-09-01
1443,1951381,2019 Q3,0,2019-09-01
1444,1951421,2019 Q3,0,2019-09-01
1445,1951515,2019 Q3,0,2019-09-01
1446,1951694,2019 Q3,0,2019-09-01
1447,1952010,2019 Q3,0,2019-09-01
1448,1952275,2019 Q3,0,2019-09-01
1449,1952363,2019 Q3,0,2019-09-01
1450,1952423,2019 Q3,0,2019-09-01
1451,1952567,2019 Q3,0,2019-09-01
1452,1952569,2019 Q3,0,2019-09-01
1453,1953097,2019 Q3,0,2019-09-01
1454,1953144,2019 Q3,0,2019-09-01
1455,1953422,2019 Q3,0,2019-09-01
1456,1953598,2019 Q3,0,2019-09-01
1457,1953662,2019 Q3,0,2019-09-01
1458,1953889,2019 Q3,0,2019-09-01
1459,1954353,2019 Q3,0,2019-09-01
1460,1954515,2019 Q3,0,2019-09-01
1461,1954585,2019 Q3,0,2019-09-01
1462,1954597,2019 Q3,0,2019-09-01
1463,1954867,2019 Q3,0,2019-09-01
1464,1954868,2019 Q3,0,2019-09-01
1465,1954945,2019 Q3,0,2019-09-01
1466,1955160,2019 Q3,0,2019-09-01
1467,1955188,2019 Q3,0,2019-09-01
1468,1956451,2019 Q3,0,2019-09-01
1469,1956477,2019 Q3,0,2019-09-01
1470,1956499,2019 Q3,0,2019-09-01
1471,1956695,2019 Q3,0,2019-09-01
1472,1956751,2019 Q3,0,2019-09-01
1473,1956830,2019 Q3,0,2019-09-01
1474,1956915,2019 Q3,0,2019-09-01
1475,1957010,2019 Q3,0,2019-09-01
1476,1957029,2019 Q3,0,2019-09-01
1477,1957037,2019 Q3,0,2019-09-01
1478,1957081,2019 Q3,0,2019-09-01
1479,1957294,2019 Q3,0,2019-09-01
1480,1957296,2019 Q3,0,2019-09-01
1481,1957308,2019 Q3,0,2019-09-01
1482,1957310,2019 Q3,0,2019-09-01
1483,1958363,2019 Q3,0,2019-09-01
1484,1958615,2019 Q3,0,2019-09-01
1485,1958623,2019 Q3,0,2019-09-01
1486,1958816,2019 Q3,0,2019-09-01
1487,1958845,2019 Q3,0,2019-09-01
1488,1958920,2019 Q3,0,2019-09-01
1489,1959003,2019 Q3,0,2019-09-01
1490,1959089,2019 Q3,0,2019-09-01
1491,1959227,2019 Q3,0,2019-09-01
1492,1959270,2019 Q3,0,2019-09-01
1493,1959885,2019 Q3,0,2019-09-01
1494,1959915,2019 Q3,0,2019-09-01
1495,1959984,2019 Q3,0,2019-09-01
1496,1960102,2019 Q3,0,2019-09-01
1497,1960123,2019 Q3,0,2019-09-01
1498,1960212,2019 Q3,0,2019-09-01
1499,1960395,2019 Q3,0,2019-09-01
1500,1960519,2019 Q3,0,2019-09-01
1501,1960593,2019 Q3,0,2019-09-01
1502,1960696,2019 Q3,0,2019-09-01
1503,1960766,2019 Q3,0,2019-09-01
1504,1960779,2019 Q3,0,2019-09-01
1505,1960909,2019 Q3,0,2019-09-01
1506,1961068,2019 Q3,0,2019-09-01
1507,1961077,2019 Q3,0,2019-09-01
1508,1961078,2019 Q3,0,2019-09-01
1509,1961092,2019 Q3,0,2019-09-01
1510,1961095,2019 Q3,0,2019-09-01
1511,1961189,2019 Q3,0,2019-09-01
1512,1961203,2019 Q3,0,2019-09-01
1513,1961234,2019 Q3,0,2019-09-01
1514,1961237,2019 Q3,0,2019-09-01
1515,1961273,2019 Q3,0,2019-09-01
1516,1961283,2019 Q3,0,2019-09-01
1517,1961339,2019 Q3,0,2019-09-01
1518,1961396,2019 Q3,0,2019-09-01
1519,1961475,2019 Q3,0,2019-09-01
1520,1961537,2019 Q3,0,2019-09-01
1521,1961543,2019 Q3,0,2019-09-01
1522,1961600,2019 Q3,0,2019-09-01
1523,1961679,2019 Q3,0,2019-09-01
1524,1961681,2019 Q3,0,2019-09-01
1525,1961686,2019 Q3,0,2019-09-01
1526,1961689,2019 Q3,0,2019-09-01
1527,1961703,2019 Q3,0,2019-09-01
1528,1961737,2019 Q3,0,2019-09-01
1529,1961739,2019 Q3,0,2019-09-01
1530,1961793,2019 Q3,0,2019-09-01
1531,1961948,2019 Q3,0,2019-09-01
1532,1961980,2019 Q3,0,2019-09-01
1533,1961983,2019 Q3,0,2019-09-01
1534,1961985,2019 Q3,0,2019-09-01
1535,1962015,2019 Q3,0,2019-09-01
1536,1962022,2019 Q3,0,2019-09-01
1537,1962082,2019 Q3,0,2019-09-01
1538,1962130,2019 Q3,0,2019-09-01
1539,1962230,2019 Q3,0,2019-09-01
1540,1962436,2019 Q3,0,2019-09-01
1541,1962475,2019 Q3,0,2019-09-01
1542,1962481,2019 Q3,0,2019-09-01
1543,1962482,2019 Q3,0,2019-09-01
1544,1962510,2019 Q3,0,2019-09-01
1545,1962512,2019 Q3,0,2019-09-01
1546,1962603,2019 Q3,0,2019-09-01
1547,1962611,2019 Q3,0,2019-09-01
1548,1962618,2019 Q3,0,2019-09-01
1549,1962656,2019 Q3,0,2019-09-01
1550,1962670,2019 Q3,0,2019-09-01
1551,1962684,2019 Q3,0,2019-09-01
1552,1962705,2019 Q3,0,2019-09-01
1553,1962720,2019 Q3,0,2019-09-01
1554,1962763,2019 Q3,0,2019-09-01
1555,1962831,2019 Q3,0,2019-09-01
1556,1962835,2019 Q3,0,2019-09-01
1557,1962837,2019 Q3,0,2019-09-01
1558,1962860,2019 Q3,0,2019-09-01
1559,1962883,2019 Q3,0,2019-09-01
1560,1962929,2019 Q3,0,2019-09-01
1561,1962974,2019 Q3,0,2019-09-01
1562,1963065,2019 Q3,0,2019-09-01
1563,1963085,2019 Q3,0,2019-09-01
1564,1963097,2019 Q3,0,2019-09-01
1565,1963112,2019 Q3,0,2019-09-01
1566,1963114,2019 Q3,0,2019-09-01
1567,1963124,2019 Q3,0,2019-09-01
1568,1963125,2019 Q3,0,2019-09-01
1569,1963126,2019 Q3,0,2019-09-01
1570,1963145,2019 Q3,0,2019-09-01
1571,1963235,2019 Q3,0,2019-09-01
1572,1963349,2019 Q3,0,2019-09-01
1573,1963356,2019 Q3,0,2019-09-01
1574,1963464,2019 Q3,0,2019-09-01
1575,1963475,2019 Q3,0,2019-09-01
1576,1963499,2019 Q3,0,2019-09-01
1577,1963558,2019 Q3,0,2019-09-01
1578,1963568,2019 Q3,0,2019-09-01
1579,1963625,2019 Q3,0,2019-09-01
1580,1963634,2019 Q3,0,2019-09-01
1581,1963685,2019 Q3,0,2019-09-01
1582,1963741,2019 Q3,0,2019-09-01
1583,1963833,2019 Q3,0,2019-09-01
1584,1963873,2019 Q3,0,2019-09-01
1585,1963916,2019 Q3,0,2019-09-01
1586,1963971,2019 Q3,0,2019-09-01
1587,1964068,2019 Q3,0,2019-09-01
1588,1964072,2019 Q3,0,2019-09-01
1589,1964083,2019 Q3,0,2019-09-01
1590,1964102,2019 Q3,0,2019-09-01
1591,1964191,2019 Q3,0,2019-09-01
1592,1964193,2019 Q3,0,2019-09-01
1593,1964194,2019 Q3,0,2019-09-01
1594,1964237,2019 Q3,0,2019-09-01
1595,1964245,2019 Q3,0,2019-09-01
1596,1964276,2019 Q3,0,2019-09-01
1597,1964280,2019 Q3,0,2019-09-01
1598,1964294,2019 Q3,0,2019-09-01
1599,1964295,2019 Q3,0,2019-09-01
1600,1964311,2019 Q3,0,2019-09-01
1601,1964358,2019 Q3,0,2019-09-01
1602,1964367,2019 Q3,0,2019-09-01
1603,1964423,2019 Q3,0,2019-09-01
1604,1964469,2019 Q3,0,2019-09-01
1605,1964496,2019 Q3,0,2019-09-01
1606,1964634,2019 Q3,0,2019-09-01
1607,1964638,2019 Q3,0,2019-09-01
1608,1964671,2019 Q3,0,2019-09-01
1609,1964676,2019 Q3,0,2019-09-01
1610,1964678,2019 Q3,0,2019-09-01
1611,1964842,2019 Q3,0,2019-09-01
1612,1964933,2019 Q3,0,2019-09-01
1613,1964935,2019 Q3,0,2019-09-01
1614,1964936,2019 Q3,0,2019-09-01
1615,1964997,2019 Q3,0,2019-09-01
1616,1965157,2019 Q3,0,2019-09-01
1617,1965446,2019 Q3,0,2019-09-01
