,ClientID,Quarter,Baseline,date
0,1211064,2019 Q1,0,2019-01-01
1,1211514,2019 Q1,1,2019-01-01
2,1211514,2019 Q1,0,2019-01-01
3,1219745,2019 Q1,0,2019-01-01
4,1225338,2019 Q1,0,2019-01-01
5,1225647,2019 Q1,0,2019-01-01
6,1226161,2019 Q1,0,2019-01-01
7,1228718,2019 Q1,0,2019-01-01
8,1229738,2019 Q1,0,2019-01-01
9,1234970,2019 Q1,0,2019-01-01
10,1235665,2019 Q1,0,2019-01-01
11,1235707,2019 Q1,0,2019-01-01
12,1236476,2019 Q1,1,2019-01-01
13,1236476,2019 Q1,0,2019-01-01
14,1236662,2019 Q1,0,2019-01-01
15,1236788,2019 Q1,0,2019-01-01
16,1238832,2019 Q1,1,2019-01-01
17,1238832,2019 Q1,0,2019-01-01
18,1240386,2019 Q1,0,2019-01-01
19,1240434,2019 Q1,0,2019-01-01
20,1241151,2019 Q1,0,2019-01-01
21,1241690,2019 Q1,0,2019-01-01
22,1243166,2019 Q1,0,2019-01-01
23,1244828,2019 Q1,0,2019-01-01
24,1244917,2019 Q1,0,2019-01-01
25,1246281,2019 Q1,0,2019-01-01
26,1246777,2019 Q1,0,2019-01-01
27,1247825,2019 Q1,0,2019-01-01
28,1247996,2019 Q1,0,2019-01-01
29,1248492,2019 Q1,0,2019-01-01
30,1248703,2019 Q1,0,2019-01-01
31,1248937,2019 Q1,0,2019-01-01
32,1249789,2019 Q1,0,2019-01-01
33,1250431,2019 Q1,0,2019-01-01
34,1250590,2019 Q1,0,2019-01-01
35,1251154,2019 Q1,0,2019-01-01
36,1251515,2019 Q1,0,2019-01-01
37,1251933,2019 Q1,0,2019-01-01
38,1252195,2019 Q1,0,2019-01-01
39,1252209,2019 Q1,0,2019-01-01
40,1252329,2019 Q1,1,2019-01-01
41,1252329,2019 Q1,0,2019-01-01
42,1253037,2019 Q1,0,2019-01-01
43,1256957,2019 Q1,0,2019-01-01
44,1257195,2019 Q1,0,2019-01-01
45,1258916,2019 Q1,0,2019-01-01
46,1260178,2019 Q1,0,2019-01-01
47,1263158,2019 Q1,0,2019-01-01
48,1263881,2019 Q1,0,2019-01-01
49,1264316,2019 Q1,0,2019-01-01
50,1265559,2019 Q1,0,2019-01-01
51,1266587,2019 Q1,0,2019-01-01
52,1267296,2019 Q1,0,2019-01-01
53,1267299,2019 Q1,0,2019-01-01
54,1267700,2019 Q1,0,2019-01-01
55,1267805,2019 Q1,0,2019-01-01
56,1268596,2019 Q1,0,2019-01-01
57,1268938,2019 Q1,0,2019-01-01
58,1269080,2019 Q1,0,2019-01-01
59,1269120,2019 Q1,0,2019-01-01
60,1269215,2019 Q1,0,2019-01-01
61,1269266,2019 Q1,0,2019-01-01
62,1269376,2019 Q1,0,2019-01-01
63,1269568,2019 Q1,0,2019-01-01
64,1269657,2019 Q1,1,2019-01-01
65,1269657,2019 Q1,0,2019-01-01
66,1270272,2019 Q1,0,2019-01-01
67,1270354,2019 Q1,0,2019-01-01
68,1270928,2019 Q1,0,2019-01-01
69,1270933,2019 Q1,0,2019-01-01
70,1270958,2019 Q1,0,2019-01-01
71,1271230,2019 Q1,0,2019-01-01
72,1271386,2019 Q1,0,2019-01-01
73,1271422,2019 Q1,0,2019-01-01
74,1272103,2019 Q1,0,2019-01-01
75,1273012,2019 Q1,0,2019-01-01
76,1273230,2019 Q1,0,2019-01-01
77,1273289,2019 Q1,0,2019-01-01
78,1273588,2019 Q1,0,2019-01-01
79,1273663,2019 Q1,0,2019-01-01
80,1273736,2019 Q1,0,2019-01-01
81,1273740,2019 Q1,0,2019-01-01
82,1273892,2019 Q1,0,2019-01-01
83,1273894,2019 Q1,0,2019-01-01
84,1273925,2019 Q1,0,2019-01-01
85,1274090,2019 Q1,0,2019-01-01
86,1274107,2019 Q1,0,2019-01-01
87,1274108,2019 Q1,0,2019-01-01
88,1274109,2019 Q1,0,2019-01-01
89,1274110,2019 Q1,0,2019-01-01
90,1274419,2019 Q1,0,2019-01-01
91,1274425,2019 Q1,1,2019-01-01
92,1274425,2019 Q1,0,2019-01-01
93,1274437,2019 Q1,1,2019-01-01
94,1274437,2019 Q1,0,2019-01-01
95,1274537,2019 Q1,0,2019-01-01
96,1274673,2019 Q1,0,2019-01-01
97,1274706,2019 Q1,0,2019-01-01
98,1274707,2019 Q1,0,2019-01-01
99,1274708,2019 Q1,0,2019-01-01
100,1274740,2019 Q1,0,2019-01-01
101,1275086,2019 Q1,0,2019-01-01
102,1275200,2019 Q1,0,2019-01-01
103,1275203,2019 Q1,0,2019-01-01
104,1275221,2019 Q1,0,2019-01-01
105,1275239,2019 Q1,0,2019-01-01
106,1275832,2019 Q1,0,2019-01-01
107,1276052,2019 Q1,0,2019-01-01
108,1276300,2019 Q1,0,2019-01-01
109,1276609,2019 Q1,0,2019-01-01
110,1276716,2019 Q1,0,2019-01-01
111,1276959,2019 Q1,0,2019-01-01
112,1277572,2019 Q1,0,2019-01-01
113,1277769,2019 Q1,0,2019-01-01
114,1277787,2019 Q1,0,2019-01-01
115,1277790,2019 Q1,0,2019-01-01
116,1277797,2019 Q1,0,2019-01-01
117,1277907,2019 Q1,0,2019-01-01
118,1277910,2019 Q1,0,2019-01-01
119,1277929,2019 Q1,0,2019-01-01
120,1277937,2019 Q1,0,2019-01-01
121,1277944,2019 Q1,0,2019-01-01
122,1277945,2019 Q1,0,2019-01-01
123,1277956,2019 Q1,0,2019-01-01
124,1277964,2019 Q1,0,2019-01-01
125,1277975,2019 Q1,0,2019-01-01
126,1278114,2019 Q1,0,2019-01-01
127,1278262,2019 Q1,0,2019-01-01
128,1278335,2019 Q1,0,2019-01-01
129,1278436,2019 Q1,0,2019-01-01
130,1278438,2019 Q1,0,2019-01-01
131,1278439,2019 Q1,0,2019-01-01
132,1278441,2019 Q1,0,2019-01-01
133,1278443,2019 Q1,0,2019-01-01
134,1278445,2019 Q1,0,2019-01-01
135,1278613,2019 Q1,0,2019-01-01
136,1278622,2019 Q1,0,2019-01-01
137,1278755,2019 Q1,0,2019-01-01
138,1278786,2019 Q1,0,2019-01-01
139,1278809,2019 Q1,0,2019-01-01
140,1278828,2019 Q1,0,2019-01-01
141,1278838,2019 Q1,0,2019-01-01
142,1278893,2019 Q1,0,2019-01-01
143,1278894,2019 Q1,0,2019-01-01
144,1278908,2019 Q1,0,2019-01-01
145,1278936,2019 Q1,0,2019-01-01
146,1278979,2019 Q1,0,2019-01-01
147,1278980,2019 Q1,0,2019-01-01
148,1279012,2019 Q1,0,2019-01-01
149,1279058,2019 Q1,0,2019-01-01
150,1279351,2019 Q1,0,2019-01-01
151,1279409,2019 Q1,0,2019-01-01
152,1279616,2019 Q1,0,2019-01-01
153,1279631,2019 Q1,0,2019-01-01
154,1279632,2019 Q1,0,2019-01-01
155,1279663,2019 Q1,0,2019-01-01
156,1279673,2019 Q1,0,2019-01-01
157,1279683,2019 Q1,0,2019-01-01
158,1279821,2019 Q1,0,2019-01-01
159,1279885,2019 Q1,0,2019-01-01
160,1279886,2019 Q1,0,2019-01-01
161,1279896,2019 Q1,0,2019-01-01
162,1279928,2019 Q1,0,2019-01-01
163,1280031,2019 Q1,0,2019-01-01
164,1280105,2019 Q1,0,2019-01-01
165,1280235,2019 Q1,0,2019-01-01
166,1280428,2019 Q1,1,2019-01-01
167,1280428,2019 Q1,0,2019-01-01
168,1280505,2019 Q1,0,2019-01-01
169,1280507,2019 Q1,0,2019-01-01
170,1280640,2019 Q1,0,2019-01-01
171,1280722,2019 Q1,0,2019-01-01
172,1280942,2019 Q1,0,2019-01-01
173,1280962,2019 Q1,0,2019-01-01
174,1281086,2019 Q1,0,2019-01-01
175,1281455,2019 Q1,1,2019-01-01
176,1281455,2019 Q1,0,2019-01-01
177,1281737,2019 Q1,0,2019-01-01
178,1281780,2019 Q1,0,2019-01-01
179,1281794,2019 Q1,0,2019-01-01
180,1281798,2019 Q1,0,2019-01-01
181,1281799,2019 Q1,0,2019-01-01
182,1281801,2019 Q1,0,2019-01-01
183,1281803,2019 Q1,0,2019-01-01
184,1282096,2019 Q1,0,2019-01-01
185,1282097,2019 Q1,0,2019-01-01
186,1282318,2019 Q1,0,2019-01-01
187,1282378,2019 Q1,0,2019-01-01
188,1282408,2019 Q1,0,2019-01-01
189,1282449,2019 Q1,0,2019-01-01
190,1282493,2019 Q1,0,2019-01-01
191,1282690,2019 Q1,0,2019-01-01
192,1282727,2019 Q1,0,2019-01-01
193,1282729,2019 Q1,0,2019-01-01
194,1282759,2019 Q1,0,2019-01-01
195,1282847,2019 Q1,0,2019-01-01
196,1282957,2019 Q1,0,2019-01-01
197,1282962,2019 Q1,0,2019-01-01
198,1283043,2019 Q1,0,2019-01-01
199,1283116,2019 Q1,0,2019-01-01
200,1283228,2019 Q1,0,2019-01-01
201,1283253,2019 Q1,0,2019-01-01
202,1283255,2019 Q1,0,2019-01-01
203,1283256,2019 Q1,0,2019-01-01
204,1283258,2019 Q1,0,2019-01-01
205,1283259,2019 Q1,0,2019-01-01
206,1283271,2019 Q1,0,2019-01-01
207,1283285,2019 Q1,0,2019-01-01
208,1283351,2019 Q1,0,2019-01-01
209,1283359,2019 Q1,0,2019-01-01
210,1283361,2019 Q1,0,2019-01-01
211,1283367,2019 Q1,0,2019-01-01
212,1283388,2019 Q1,0,2019-01-01
213,1283389,2019 Q1,0,2019-01-01
214,1283483,2019 Q1,0,2019-01-01
215,1283560,2019 Q1,0,2019-01-01
216,1283642,2019 Q1,0,2019-01-01
217,1283691,2019 Q1,0,2019-01-01
218,1283694,2019 Q1,0,2019-01-01
219,1283702,2019 Q1,0,2019-01-01
220,1283739,2019 Q1,0,2019-01-01
221,1283817,2019 Q1,0,2019-01-01
222,1283871,2019 Q1,0,2019-01-01
223,1284263,2019 Q1,1,2019-01-01
224,1284263,2019 Q1,0,2019-01-01
225,1284773,2019 Q1,0,2019-01-01
226,1284784,2019 Q1,0,2019-01-01
227,1285168,2019 Q1,0,2019-01-01
228,1285203,2019 Q1,0,2019-01-01
229,1285441,2019 Q1,0,2019-01-01
230,1285662,2019 Q1,0,2019-01-01
231,1285716,2019 Q1,0,2019-01-01
232,1285723,2019 Q1,0,2019-01-01
233,1285735,2019 Q1,0,2019-01-01
234,1285737,2019 Q1,0,2019-01-01
235,1285745,2019 Q1,0,2019-01-01
236,1286044,2019 Q1,0,2019-01-01
237,1286118,2019 Q1,0,2019-01-01
238,1286127,2019 Q1,0,2019-01-01
239,1286636,2019 Q1,0,2019-01-01
240,1286731,2019 Q1,0,2019-01-01
241,1286734,2019 Q1,0,2019-01-01
242,1286792,2019 Q1,0,2019-01-01
243,1286827,2019 Q1,0,2019-01-01
244,1287072,2019 Q1,0,2019-01-01
245,1287073,2019 Q1,0,2019-01-01
246,1287076,2019 Q1,0,2019-01-01
247,1287135,2019 Q1,0,2019-01-01
248,1287139,2019 Q1,0,2019-01-01
249,1287405,2019 Q1,0,2019-01-01
250,1287406,2019 Q1,0,2019-01-01
251,1287408,2019 Q1,0,2019-01-01
252,1287409,2019 Q1,0,2019-01-01
253,1287410,2019 Q1,0,2019-01-01
254,1287530,2019 Q1,0,2019-01-01
255,1287572,2019 Q1,0,2019-01-01
256,1287588,2019 Q1,0,2019-01-01
257,1287663,2019 Q1,0,2019-01-01
258,1288541,2019 Q1,0,2019-01-01
259,1288542,2019 Q1,0,2019-01-01
260,1288543,2019 Q1,0,2019-01-01
261,1288546,2019 Q1,0,2019-01-01
262,1288549,2019 Q1,0,2019-01-01
263,1288744,2019 Q1,0,2019-01-01
264,1288745,2019 Q1,0,2019-01-01
265,1288750,2019 Q1,0,2019-01-01
266,1288752,2019 Q1,0,2019-01-01
267,1288960,2019 Q1,0,2019-01-01
268,1289030,2019 Q1,0,2019-01-01
269,1289149,2019 Q1,0,2019-01-01
270,1289213,2019 Q1,0,2019-01-01
271,1289214,2019 Q1,0,2019-01-01
272,1289798,2019 Q1,0,2019-01-01
273,1289860,2019 Q1,0,2019-01-01
274,1290567,2019 Q1,0,2019-01-01
275,1290568,2019 Q1,0,2019-01-01
276,1290569,2019 Q1,0,2019-01-01
277,1290570,2019 Q1,0,2019-01-01
278,1290750,2019 Q1,0,2019-01-01
279,1290753,2019 Q1,0,2019-01-01
280,1291339,2019 Q1,0,2019-01-01
281,1291470,2019 Q1,0,2019-01-01
282,1291492,2019 Q1,0,2019-01-01
283,1291522,2019 Q1,0,2019-01-01
284,1291527,2019 Q1,0,2019-01-01
285,1291528,2019 Q1,0,2019-01-01
286,1291530,2019 Q1,0,2019-01-01
287,1291531,2019 Q1,0,2019-01-01
288,1291545,2019 Q1,0,2019-01-01
289,1291753,2019 Q1,0,2019-01-01
290,1291756,2019 Q1,0,2019-01-01
291,1291824,2019 Q1,0,2019-01-01
292,1291829,2019 Q1,0,2019-01-01
293,1291915,2019 Q1,0,2019-01-01
294,1291969,2019 Q1,0,2019-01-01
295,1292027,2019 Q1,0,2019-01-01
296,1292040,2019 Q1,0,2019-01-01
297,1292071,2019 Q1,1,2019-01-01
298,1292071,2019 Q1,0,2019-01-01
299,1292243,2019 Q1,0,2019-01-01
300,1292289,2019 Q1,0,2019-01-01
301,1292291,2019 Q1,0,2019-01-01
302,1292452,2019 Q1,0,2019-01-01
303,1292453,2019 Q1,0,2019-01-01
304,1292455,2019 Q1,0,2019-01-01
305,1292467,2019 Q1,0,2019-01-01
306,1292468,2019 Q1,0,2019-01-01
307,1292473,2019 Q1,0,2019-01-01
308,1292586,2019 Q1,0,2019-01-01
309,1292633,2019 Q1,0,2019-01-01
310,1292651,2019 Q1,0,2019-01-01
311,1292702,2019 Q1,0,2019-01-01
312,1292765,2019 Q1,0,2019-01-01
313,1292766,2019 Q1,0,2019-01-01
314,1292767,2019 Q1,0,2019-01-01
315,1292779,2019 Q1,0,2019-01-01
316,1292784,2019 Q1,1,2019-01-01
317,1292784,2019 Q1,0,2019-01-01
318,1292887,2019 Q1,0,2019-01-01
319,1292944,2019 Q1,0,2019-01-01
320,1293260,2019 Q1,0,2019-01-01
321,1293263,2019 Q1,0,2019-01-01
322,1293266,2019 Q1,0,2019-01-01
323,1293269,2019 Q1,0,2019-01-01
324,1293278,2019 Q1,0,2019-01-01
325,1293279,2019 Q1,0,2019-01-01
326,1293285,2019 Q1,0,2019-01-01
327,1293286,2019 Q1,0,2019-01-01
328,1293302,2019 Q1,0,2019-01-01
329,1293303,2019 Q1,0,2019-01-01
330,1293304,2019 Q1,0,2019-01-01
331,1293440,2019 Q1,0,2019-01-01
332,1293716,2019 Q1,0,2019-01-01
333,1293717,2019 Q1,0,2019-01-01
334,1293718,2019 Q1,0,2019-01-01
335,1293720,2019 Q1,0,2019-01-01
336,1293721,2019 Q1,0,2019-01-01
337,1293722,2019 Q1,0,2019-01-01
338,1293723,2019 Q1,0,2019-01-01
339,1293734,2019 Q1,0,2019-01-01
340,1293802,2019 Q1,0,2019-01-01
341,1294150,2019 Q1,0,2019-01-01
342,1294160,2019 Q1,0,2019-01-01
343,1294161,2019 Q1,0,2019-01-01
344,1294383,2019 Q1,0,2019-01-01
345,1294465,2019 Q1,0,2019-01-01
346,1294566,2019 Q1,0,2019-01-01
347,1294715,2019 Q1,0,2019-01-01
348,1294805,2019 Q1,0,2019-01-01
349,1294831,2019 Q1,0,2019-01-01
350,1294833,2019 Q1,0,2019-01-01
351,1294854,2019 Q1,0,2019-01-01
352,1294914,2019 Q1,0,2019-01-01
353,1294915,2019 Q1,0,2019-01-01
354,1294917,2019 Q1,0,2019-01-01
355,1294918,2019 Q1,0,2019-01-01
356,1294919,2019 Q1,0,2019-01-01
357,1294920,2019 Q1,0,2019-01-01
358,1294921,2019 Q1,0,2019-01-01
359,1294922,2019 Q1,0,2019-01-01
360,1294923,2019 Q1,0,2019-01-01
361,1294924,2019 Q1,0,2019-01-01
362,1294925,2019 Q1,0,2019-01-01
363,1294926,2019 Q1,0,2019-01-01
364,1294927,2019 Q1,0,2019-01-01
365,1294948,2019 Q1,0,2019-01-01
366,1295012,2019 Q1,0,2019-01-01
367,1295015,2019 Q1,0,2019-01-01
368,1295019,2019 Q1,0,2019-01-01
369,1295250,2019 Q1,0,2019-01-01
370,1295277,2019 Q1,1,2019-01-01
371,1295277,2019 Q1,0,2019-01-01
372,1295389,2019 Q1,0,2019-01-01
373,1295390,2019 Q1,0,2019-01-01
374,1295391,2019 Q1,0,2019-01-01
375,1295392,2019 Q1,0,2019-01-01
376,1295404,2019 Q1,0,2019-01-01
377,1295405,2019 Q1,0,2019-01-01
378,1295408,2019 Q1,0,2019-01-01
379,1295409,2019 Q1,0,2019-01-01
380,1295440,2019 Q1,0,2019-01-01
381,1295441,2019 Q1,0,2019-01-01
382,1295452,2019 Q1,0,2019-01-01
383,1295533,2019 Q1,0,2019-01-01
384,1295798,2019 Q1,0,2019-01-01
385,1295800,2019 Q1,0,2019-01-01
386,1295807,2019 Q1,0,2019-01-01
387,1295810,2019 Q1,0,2019-01-01
388,1295814,2019 Q1,0,2019-01-01
389,1295848,2019 Q1,0,2019-01-01
390,1295849,2019 Q1,0,2019-01-01
391,1295853,2019 Q1,0,2019-01-01
392,1295856,2019 Q1,0,2019-01-01
393,1295858,2019 Q1,0,2019-01-01
394,1295859,2019 Q1,0,2019-01-01
395,1295928,2019 Q1,0,2019-01-01
396,1295932,2019 Q1,0,2019-01-01
397,1295970,2019 Q1,0,2019-01-01
398,1296178,2019 Q1,0,2019-01-01
399,1296179,2019 Q1,0,2019-01-01
400,1296180,2019 Q1,0,2019-01-01
401,1296181,2019 Q1,0,2019-01-01
402,1296204,2019 Q1,0,2019-01-01
403,1296205,2019 Q1,0,2019-01-01
404,1296216,2019 Q1,0,2019-01-01
405,1296219,2019 Q1,0,2019-01-01
406,1296220,2019 Q1,0,2019-01-01
407,1296429,2019 Q1,0,2019-01-01
408,1297124,2019 Q1,0,2019-01-01
409,1297134,2019 Q1,0,2019-01-01
410,1297247,2019 Q1,0,2019-01-01
411,1297248,2019 Q1,0,2019-01-01
412,1297273,2019 Q1,0,2019-01-01
413,1297304,2019 Q1,0,2019-01-01
414,1297621,2019 Q1,0,2019-01-01
415,1297635,2019 Q1,0,2019-01-01
416,1297636,2019 Q1,0,2019-01-01
417,1297640,2019 Q1,0,2019-01-01
418,1297641,2019 Q1,0,2019-01-01
419,1297674,2019 Q1,0,2019-01-01
420,1297675,2019 Q1,0,2019-01-01
421,1297680,2019 Q1,0,2019-01-01
422,1297685,2019 Q1,0,2019-01-01
423,1297689,2019 Q1,0,2019-01-01
424,1297728,2019 Q1,0,2019-01-01
425,1297733,2019 Q1,0,2019-01-01
426,1297737,2019 Q1,0,2019-01-01
427,1297746,2019 Q1,0,2019-01-01
428,1297825,2019 Q1,0,2019-01-01
429,1297849,2019 Q1,0,2019-01-01
430,1297851,2019 Q1,0,2019-01-01
431,1297856,2019 Q1,0,2019-01-01
432,1297951,2019 Q1,1,2019-01-01
433,1297951,2019 Q1,0,2019-01-01
434,1298053,2019 Q1,0,2019-01-01
435,1298140,2019 Q1,0,2019-01-01
436,1298143,2019 Q1,0,2019-01-01
437,1298144,2019 Q1,0,2019-01-01
438,1298301,2019 Q1,1,2019-01-01
439,1298301,2019 Q1,0,2019-01-01
440,1299570,2019 Q1,1,2019-01-01
441,1299570,2019 Q1,0,2019-01-01
442,1299873,2019 Q1,0,2019-01-01
443,12100054,2019 Q1,1,2019-01-01
444,12100054,2019 Q1,0,2019-01-01
445,12100197,2019 Q1,1,2019-01-01
446,12100197,2019 Q1,0,2019-01-01
447,12100302,2019 Q1,1,2019-01-01
448,12100302,2019 Q1,0,2019-01-01
449,12100328,2019 Q1,1,2019-01-01
450,12100328,2019 Q1,0,2019-01-01
451,12100329,2019 Q1,1,2019-01-01
452,12100329,2019 Q1,0,2019-01-01
453,12100474,2019 Q1,1,2019-01-01
454,12100474,2019 Q1,0,2019-01-01
455,12100530,2019 Q1,1,2019-01-01
456,12100530,2019 Q1,0,2019-01-01
457,12100633,2019 Q1,1,2019-01-01
458,12100633,2019 Q1,0,2019-01-01
459,12100635,2019 Q1,1,2019-01-01
460,12100635,2019 Q1,0,2019-01-01
461,12100637,2019 Q1,1,2019-01-01
462,12100637,2019 Q1,0,2019-01-01
463,12100642,2019 Q1,1,2019-01-01
464,12100642,2019 Q1,0,2019-01-01
465,12100644,2019 Q1,1,2019-01-01
466,12100644,2019 Q1,0,2019-01-01
467,12100645,2019 Q1,1,2019-01-01
468,12100645,2019 Q1,0,2019-01-01
469,12100647,2019 Q1,1,2019-01-01
470,12100647,2019 Q1,0,2019-01-01
471,12100649,2019 Q1,1,2019-01-01
472,12100649,2019 Q1,0,2019-01-01
473,12100651,2019 Q1,1,2019-01-01
474,12100651,2019 Q1,0,2019-01-01
475,12100664,2019 Q1,1,2019-01-01
476,12100664,2019 Q1,0,2019-01-01
477,12100889,2019 Q1,1,2019-01-01
478,12100889,2019 Q1,0,2019-01-01
479,12101201,2019 Q1,1,2019-01-01
480,12101201,2019 Q1,0,2019-01-01
481,12101346,2019 Q1,1,2019-01-01
482,12101346,2019 Q1,0,2019-01-01
483,12101438,2019 Q1,1,2019-01-01
484,12101438,2019 Q1,0,2019-01-01
485,12101440,2019 Q1,1,2019-01-01
486,12101440,2019 Q1,0,2019-01-01
487,12101443,2019 Q1,1,2019-01-01
488,12101443,2019 Q1,0,2019-01-01
489,12101453,2019 Q1,1,2019-01-01
490,12101453,2019 Q1,0,2019-01-01
491,12101458,2019 Q1,1,2019-01-01
492,12101458,2019 Q1,0,2019-01-01
493,12101734,2019 Q1,1,2019-01-01
494,12101734,2019 Q1,0,2019-01-01
495,1016728,2019 Q1,0,2019-01-01
496,1018386,2019 Q1,0,2019-01-01
497,1000051,2019 Q1,0,2019-01-01
498,1000052,2019 Q1,0,2019-01-01
499,1000075,2019 Q1,0,2019-01-01
500,1000114,2019 Q1,0,2019-01-01
501,1000115,2019 Q1,0,2019-01-01
502,1000280,2019 Q1,0,2019-01-01
503,1000284,2019 Q1,0,2019-01-01
504,1001785,2019 Q1,0,2019-01-01
505,1001971,2019 Q1,0,2019-01-01
506,1002315,2019 Q1,0,2019-01-01
507,1002981,2019 Q1,0,2019-01-01
508,1003552,2019 Q1,0,2019-01-01
509,1003173,2019 Q1,0,2019-01-01
510,1000028,2019 Q1,0,2019-01-01
511,1013538,2019 Q1,0,2019-01-01
512,1010009,2019 Q1,0,2019-01-01
513,1013877,2019 Q1,0,2019-01-01
514,1004903,2019 Q1,0,2019-01-01
515,1006814,2019 Q1,0,2019-01-01
516,1016960,2019 Q1,0,2019-01-01
517,1005953,2019 Q1,0,2019-01-01
518,1018439,2019 Q1,1,2019-01-01
519,1019091,2019 Q1,1,2019-01-01
520,1018439,2019 Q1,0,2019-01-01
521,1001076,2019 Q1,1,2019-01-01
522,1000040,2019 Q1,1,2019-01-01
523,1001041,2019 Q1,1,2019-01-01
524,1002647,2019 Q1,1,2019-01-01
525,1005637,2019 Q1,1,2019-01-01
526,1002677,2019 Q1,1,2019-01-01
527,1014575,2019 Q1,1,2019-01-01
528,1019249,2019 Q1,1,2019-01-01
529,1019165,2019 Q1,1,2019-01-01
530,1019349,2019 Q1,1,2019-01-01
531,1019464,2019 Q1,1,2019-01-01
532,1019171,2019 Q1,1,2019-01-01
533,1019172,2019 Q1,1,2019-01-01
534,1019168,2019 Q1,1,2019-01-01
535,1019098,2019 Q1,1,2019-01-01
536,1019058,2019 Q1,1,2019-01-01
537,1018922,2019 Q1,1,2019-01-01
538,1017620,2019 Q1,1,2019-01-01
539,1019242,2019 Q1,1,2019-01-01
540,1003716,2019 Q1,1,2019-01-01
541,1019236,2019 Q1,1,2019-01-01
542,1017808,2019 Q1,1,2019-01-01
543,1018268,2019 Q1,1,2019-01-01
544,1018190,2019 Q1,1,2019-01-01
545,1018263,2019 Q1,1,2019-01-01
546,1018269,2019 Q1,1,2019-01-01
547,1000044,2019 Q1,1,2019-01-01
548,1018195,2019 Q1,1,2019-01-01
549,1018266,2019 Q1,1,2019-01-01
550,1018267,2019 Q1,1,2019-01-01
551,1017809,2019 Q1,1,2019-01-01
552,1018271,2019 Q1,1,2019-01-01
553,1019006,2019 Q1,1,2019-01-01
554,1018183,2019 Q1,1,2019-01-01
555,1018924,2019 Q1,1,2019-01-01
556,1018385,2019 Q1,1,2019-01-01
557,1018192,2019 Q1,1,2019-01-01
558,1017694,2019 Q1,1,2019-01-01
559,1018188,2019 Q1,1,2019-01-01
560,1018324,2019 Q1,1,2019-01-01
561,1019557,2019 Q1,1,2019-01-01
562,1019245,2019 Q1,1,2019-01-01
563,1019146,2019 Q1,1,2019-01-01
564,1018435,2019 Q1,1,2019-01-01
565,1017830,2019 Q1,1,2019-01-01
566,1003716,2019 Q1,0,2019-01-01
567,1017830,2019 Q1,0,2019-01-01
568,1017620,2019 Q1,0,2019-01-01
569,1018435,2019 Q1,0,2019-01-01
570,1019369,2019 Q1,1,2019-01-01
571,1019446,2019 Q1,1,2019-01-01
572,1019612,2019 Q1,1,2019-01-01
573,1001804,2019 Q1,1,2019-01-01
574,1003432,2019 Q1,1,2019-01-01
575,1000009,2019 Q1,1,2019-01-01
576,1013342,2019 Q1,1,2019-01-01
577,1000041,2019 Q1,1,2019-01-01
578,1000719,2019 Q1,1,2019-01-01
579,1000453,2019 Q1,1,2019-01-01
580,1001731,2019 Q1,1,2019-01-01
581,1002686,2019 Q1,1,2019-01-01
582,1019233,2019 Q1,1,2019-01-01
583,1019457,2019 Q1,1,2019-01-01
584,1019327,2019 Q1,1,2019-01-01
585,1019458,2019 Q1,1,2019-01-01
586,1017665,2019 Q1,1,2019-01-01
587,1018280,2019 Q1,1,2019-01-01
588,1018821,2019 Q1,1,2019-01-01
589,1018615,2019 Q1,1,2019-01-01
590,1016978,2019 Q1,1,2019-01-01
591,1018804,2019 Q1,1,2019-01-01
592,1019104,2019 Q1,1,2019-01-01
593,1019102,2019 Q1,1,2019-01-01
594,1019054,2019 Q1,1,2019-01-01
595,1019257,2019 Q1,1,2019-01-01
596,1018273,2019 Q1,1,2019-01-01
597,1016899,2019 Q1,1,2019-01-01
598,1018219,2019 Q1,1,2019-01-01
599,1016573,2019 Q1,1,2019-01-01
600,1003739,2019 Q1,1,2019-01-01
601,1016727,2019 Q1,1,2019-01-01
602,1003908,2019 Q1,1,2019-01-01
603,1016727,2019 Q1,0,2019-01-01
604,1018280,2019 Q1,0,2019-01-01
605,1003908,2019 Q1,0,2019-01-01
606,1016978,2019 Q1,0,2019-01-01
607,1016573,2019 Q1,0,2019-01-01
608,1003739,2019 Q1,0,2019-01-01
609,HCC141291,2019 Q1,0,2019-01-01
610,HCC141292,2019 Q1,0,2019-01-01
611,HCC141293,2019 Q1,0,2019-01-01
612,HCC141294,2019 Q1,0,2019-01-01
613,HCC141298,2019 Q1,0,2019-01-01
614,HCC141299,2019 Q1,0,2019-01-01
615,HCC141300,2019 Q1,0,2019-01-01
616,HCC141301,2019 Q1,0,2019-01-01
617,HCC141302,2019 Q1,0,2019-01-01
618,HCC141303,2019 Q1,0,2019-01-01
619,HCC141304,2019 Q1,0,2019-01-01
620,HCC141305,2019 Q1,0,2019-01-01
621,HCC141306,2019 Q1,0,2019-01-01
622,HCC141307,2019 Q1,0,2019-01-01
623,HCC141308,2019 Q1,0,2019-01-01
624,HCC141309,2019 Q1,0,2019-01-01
625,HCC141310,2019 Q1,0,2019-01-01
626,HCC141311,2019 Q1,0,2019-01-01
627,HCC141312,2019 Q1,0,2019-01-01
628,HCC141313,2019 Q1,0,2019-01-01
629,HCC141314,2019 Q1,0,2019-01-01
630,HCC141315,2019 Q1,0,2019-01-01
631,HCC141316,2019 Q1,0,2019-01-01
632,HCC141317,2019 Q1,0,2019-01-01
633,HCC141318,2019 Q1,0,2019-01-01
634,HCC141319,2019 Q1,0,2019-01-01
635,HCC141320,2019 Q1,0,2019-01-01
636,HCC141321,2019 Q1,0,2019-01-01
637,HCC141322,2019 Q1,0,2019-01-01
638,HCC141323,2019 Q1,0,2019-01-01
639,HCC141324,2019 Q1,0,2019-01-01
640,HCC141325,2019 Q1,0,2019-01-01
641,HCC141326,2019 Q1,0,2019-01-01
642,HCC141327,2019 Q1,0,2019-01-01
643,HCC141328,2019 Q1,0,2019-01-01
644,HCC141329,2019 Q1,0,2019-01-01
645,HCC141330,2019 Q1,0,2019-01-01
646,HCC141331,2019 Q1,0,2019-01-01
647,HCC141332,2019 Q1,0,2019-01-01
648,HCC141333,2019 Q1,0,2019-01-01
649,HCC141334,2019 Q1,0,2019-01-01
650,HCC141335,2019 Q1,0,2019-01-01
651,HCC141336,2019 Q1,0,2019-01-01
652,HCC141337,2019 Q1,0,2019-01-01
653,HCC141338,2019 Q1,0,2019-01-01
654,HCC141339,2019 Q1,0,2019-01-01
655,HCC141340,2019 Q1,0,2019-01-01
656,HCC141341,2019 Q1,0,2019-01-01
657,HCC141342,2019 Q1,0,2019-01-01
658,HCC141343,2019 Q1,0,2019-01-01
659,HCC141344,2019 Q1,0,2019-01-01
660,HCC141345,2019 Q1,0,2019-01-01
661,HCC141346,2019 Q1,0,2019-01-01
662,HCC141347,2019 Q1,0,2019-01-01
663,HCC141348,2019 Q1,0,2019-01-01
664,HCC141349,2019 Q1,0,2019-01-01
665,HCC141350,2019 Q1,0,2019-01-01
666,HCC141351,2019 Q1,0,2019-01-01
667,HCC141352,2019 Q1,0,2019-01-01
668,HCC141353,2019 Q1,0,2019-01-01
669,HCC141354,2019 Q1,0,2019-01-01
670,HCC141355,2019 Q1,0,2019-01-01
671,HCC141356,2019 Q1,0,2019-01-01
672,HCC141357,2019 Q1,0,2019-01-01
673,HCC141358,2019 Q1,0,2019-01-01
674,HCC141359,2019 Q1,0,2019-01-01
675,HCC141360,2019 Q1,0,2019-01-01
676,HCC141361,2019 Q1,0,2019-01-01
677,HCC141362,2019 Q1,0,2019-01-01
678,HCC141363,2019 Q1,0,2019-01-01
679,HCC141364,2019 Q1,0,2019-01-01
680,HCC141365,2019 Q1,0,2019-01-01
681,HCC141366,2019 Q1,0,2019-01-01
682,HCC141367,2019 Q1,0,2019-01-01
683,HCC141368,2019 Q1,0,2019-01-01
684,HCC141369,2019 Q1,0,2019-01-01
685,HCC141370,2019 Q1,0,2019-01-01
686,HCC141371,2019 Q1,0,2019-01-01
687,HCC141372,2019 Q1,0,2019-01-01
688,HCC141373,2019 Q1,0,2019-01-01
689,HCC141374,2019 Q1,1,2019-01-01
690,HCC141375,2019 Q1,1,2019-01-01
691,HCC141376,2019 Q1,1,2019-01-01
692,HCC141377,2019 Q1,1,2019-01-01
693,HCC141378,2019 Q1,1,2019-01-01
694,HCC141379,2019 Q1,1,2019-01-01
695,HCC141380,2019 Q1,1,2019-01-01
696,15092118,2019 Q1,0,2019-01-01
697,15113018,2019 Q1,0,2019-01-01
698,15092118,2019 Q1,0,2019-01-01
699,15111618,2019 Q1,0,2019-01-01
700,15091418,2019 Q1,0,2019-01-01
701,15021219,2019 Q1,1,2019-01-01
702,15021219,2019 Q1,0,2019-01-01
703,15011819,2019 Q1,0,2019-01-01
704,15112718,2019 Q1,0,2019-01-01
705,15071318,2019 Q1,0,2019-01-01
706,15102218,2019 Q1,1,2019-01-01
707,15102218,2019 Q1,0,2019-01-01
708,15120718,2019 Q1,0,2019-01-01
709,15092818,2019 Q1,0,2019-01-01
710,15103018,2019 Q1,0,2019-01-01
711,15040618,2019 Q1,0,2019-01-01
712,150914181,2019 Q1,0,2019-01-01
713,15102618,2019 Q1,0,2019-01-01
714,15112718,2019 Q1,0,2019-01-01
715,15042718,2019 Q1,0,2019-01-01
716,15082418,2019 Q1,0,2019-01-01
717,15031119,2019 Q1,1,2019-01-01
718,15031119,2019 Q1,0,2019-01-01
719,15012219,2019 Q1,0,2019-01-01
720,15062918,2019 Q1,0,2019-01-01
721,15022519,2019 Q1,1,2019-01-01
722,15022519,2019 Q1,0,2019-01-01
723,15062118,2019 Q1,0,2019-01-01
724,15062618,2019 Q1,0,2019-01-01
725,15022318,2019 Q1,0,2019-01-01
726,150928181,2019 Q1,0,2019-01-01
727,15011819,2019 Q1,0,2019-01-01
728,15020519,2019 Q1,1,2019-01-01
729,15020519,2019 Q1,0,2019-01-01
730,15010719,2019 Q1,0,2019-01-01
731,160001,2019 Q1,1,2019-01-01
732,160002,2019 Q1,1,2019-01-01
733,160003,2019 Q1,1,2019-01-01
734,160004,2019 Q1,1,2019-01-01
735,160005,2019 Q1,1,2019-01-01
736,160006,2019 Q1,1,2019-01-01
737,160007,2019 Q1,1,2019-01-01
738,160008,2019 Q1,1,2019-01-01
739,160009,2019 Q1,1,2019-01-01
740,160010,2019 Q1,1,2019-01-01
741,160011,2019 Q1,1,2019-01-01
742,160012,2019 Q1,1,2019-01-01
743,160013,2019 Q1,1,2019-01-01
744,160014,2019 Q1,1,2019-01-01
745,160015,2019 Q1,1,2019-01-01
746,160016,2019 Q1,1,2019-01-01
747,160017,2019 Q1,1,2019-01-01
748,160019,2019 Q1,1,2019-01-01
749,160020,2019 Q1,1,2019-01-01
750,160021,2019 Q1,1,2019-01-01
751,160022,2019 Q1,1,2019-01-01
752,160023,2019 Q1,1,2019-01-01
753,160024,2019 Q1,1,2019-01-01
754,160025,2019 Q1,1,2019-01-01
755,160026,2019 Q1,1,2019-01-01
756,160027,2019 Q1,1,2019-01-01
757,160028,2019 Q1,1,2019-01-01
758,160029,2019 Q1,1,2019-01-01
759,160030,2019 Q1,1,2019-01-01
760,160032,2019 Q1,1,2019-01-01
761,160033,2019 Q1,1,2019-01-01
762,160034,2019 Q1,1,2019-01-01
763,160035,2019 Q1,1,2019-01-01
764,160036,2019 Q1,1,2019-01-01
765,160037,2019 Q1,1,2019-01-01
766,160038,2019 Q1,1,2019-01-01
767,160039,2019 Q1,1,2019-01-01
768,160040,2019 Q1,1,2019-01-01
769,160041,2019 Q1,1,2019-01-01
770,160042,2019 Q1,1,2019-01-01
771,160043,2019 Q1,1,2019-01-01
772,160044,2019 Q1,1,2019-01-01
773,160045,2019 Q1,1,2019-01-01
774,160046,2019 Q1,1,2019-01-01
775,160047,2019 Q1,1,2019-01-01
776,160048,2019 Q1,1,2019-01-01
777,160049,2019 Q1,1,2019-01-01
778,160050,2019 Q1,1,2019-01-01
779,160051,2019 Q1,1,2019-01-01
780,160052,2019 Q1,1,2019-01-01
781,160053,2019 Q1,1,2019-01-01
782,160054,2019 Q1,1,2019-01-01
783,160055,2019 Q1,1,2019-01-01
784,160056,2019 Q1,1,2019-01-01
785,160057,2019 Q1,1,2019-01-01
786,160058,2019 Q1,1,2019-01-01
787,160059,2019 Q1,1,2019-01-01
788,160060,2019 Q1,1,2019-01-01
789,160061,2019 Q1,1,2019-01-01
790,160062,2019 Q1,1,2019-01-01
791,160063,2019 Q1,1,2019-01-01
792,160064,2019 Q1,1,2019-01-01
793,160065,2019 Q1,1,2019-01-01
794,160066,2019 Q1,1,2019-01-01
795,160067,2019 Q1,1,2019-01-01
796,160068,2019 Q1,1,2019-01-01
797,160069,2019 Q1,1,2019-01-01
798,160070,2019 Q1,1,2019-01-01
799,160071,2019 Q1,1,2019-01-01
800,160072,2019 Q1,1,2019-01-01
801,160073,2019 Q1,1,2019-01-01
802,160074,2019 Q1,1,2019-01-01
803,160075,2019 Q1,1,2019-01-01
804,160077,2019 Q1,1,2019-01-01
805,160078,2019 Q1,1,2019-01-01
806,160079,2019 Q1,1,2019-01-01
807,160080,2019 Q1,1,2019-01-01
808,160081,2019 Q1,1,2019-01-01
809,160082,2019 Q1,1,2019-01-01
810,160083,2019 Q1,1,2019-01-01
811,160084,2019 Q1,1,2019-01-01
812,160085,2019 Q1,1,2019-01-01
813,160086,2019 Q1,1,2019-01-01
814,160087,2019 Q1,1,2019-01-01
815,160088,2019 Q1,1,2019-01-01
816,160089,2019 Q1,1,2019-01-01
817,160090,2019 Q1,1,2019-01-01
818,160091,2019 Q1,1,2019-01-01
819,160093,2019 Q1,1,2019-01-01
820,160094,2019 Q1,1,2019-01-01
821,160095,2019 Q1,1,2019-01-01
822,160096,2019 Q1,1,2019-01-01
823,160097,2019 Q1,1,2019-01-01
824,160098,2019 Q1,1,2019-01-01
825,160099,2019 Q1,1,2019-01-01
826,160100,2019 Q1,1,2019-01-01
827,160101,2019 Q1,1,2019-01-01
828,160102,2019 Q1,1,2019-01-01
829,160103,2019 Q1,1,2019-01-01
830,160104,2019 Q1,1,2019-01-01
831,160105,2019 Q1,1,2019-01-01
832,160106,2019 Q1,1,2019-01-01
833,160005,2019 Q1,0,2019-01-01
834,160006,2019 Q1,0,2019-01-01
835,160007,2019 Q1,0,2019-01-01
836,160014,2019 Q1,0,2019-01-01
837,160016,2019 Q1,0,2019-01-01
838,160018,2019 Q1,0,2019-01-01
839,160019,2019 Q1,0,2019-01-01
840,160021,2019 Q1,0,2019-01-01
841,160028,2019 Q1,0,2019-01-01
842,160029,2019 Q1,0,2019-01-01
843,160032,2019 Q1,0,2019-01-01
844,160033,2019 Q1,0,2019-01-01
845,160034,2019 Q1,0,2019-01-01
846,160035,2019 Q1,0,2019-01-01
847,160039,2019 Q1,0,2019-01-01
848,160045,2019 Q1,0,2019-01-01
849,160047,2019 Q1,0,2019-01-01
850,160050,2019 Q1,0,2019-01-01
851,160052,2019 Q1,0,2019-01-01
852,160060,2019 Q1,0,2019-01-01
853,160067,2019 Q1,0,2019-01-01
854,160068,2019 Q1,0,2019-01-01
855,160073,2019 Q1,0,2019-01-01
856,160077,2019 Q1,0,2019-01-01
857,160078,2019 Q1,0,2019-01-01
858,160082,2019 Q1,0,2019-01-01
859,160083,2019 Q1,0,2019-01-01
860,160084,2019 Q1,0,2019-01-01
861,160085,2019 Q1,0,2019-01-01
862,160086,2019 Q1,0,2019-01-01
863,160087,2019 Q1,0,2019-01-01
864,160091,2019 Q1,0,2019-01-01
865,160092,2019 Q1,0,2019-01-01
866,160093,2019 Q1,0,2019-01-01
867,160095,2019 Q1,0,2019-01-01
868,160097,2019 Q1,0,2019-01-01
869,160098,2019 Q1,0,2019-01-01
870,160103,2019 Q1,0,2019-01-01
871,160104,2019 Q1,0,2019-01-01
872,1727714,2019 Q1,1,2019-01-01
873,1752445,2019 Q1,1,2019-01-01
874,1770043,2019 Q1,1,2019-01-01
875,1772241,2019 Q1,1,2019-01-01
876,1752501,2019 Q1,1,2019-01-01
877,1757525,2019 Q1,1,2019-01-01
878,1757665,2019 Q1,1,2019-01-01
879,1758891,2019 Q1,1,2019-01-01
880,1759628,2019 Q1,1,2019-01-01
881,1774817,2019 Q1,1,2019-01-01
882,1753280,2019 Q1,1,2019-01-01
883,1726881,2019 Q1,1,2019-01-01
884,1725160,2019 Q1,1,2019-01-01
885,1727299,2019 Q1,1,2019-01-01
886,1730477,2019 Q1,1,2019-01-01
887,1774818,2019 Q1,1,2019-01-01
888,1774917,2019 Q1,1,2019-01-01
889,1774986,2019 Q1,1,2019-01-01
890,1775071,2019 Q1,1,2019-01-01
891,1775095,2019 Q1,1,2019-01-01
892,1775096,2019 Q1,1,2019-01-01
893,1776215,2019 Q1,1,2019-01-01
894,1730007,2019 Q1,1,2019-01-01
895,1774803,2019 Q1,1,2019-01-01
896,1774946,2019 Q1,1,2019-01-01
897,1774948,2019 Q1,1,2019-01-01
898,1775292,2019 Q1,1,2019-01-01
899,1775408,2019 Q1,1,2019-01-01
900,1775413,2019 Q1,1,2019-01-01
901,1775415,2019 Q1,1,2019-01-01
902,1775417,2019 Q1,1,2019-01-01
903,1775608,2019 Q1,1,2019-01-01
904,1775614,2019 Q1,1,2019-01-01
905,1775927,2019 Q1,1,2019-01-01
906,1776221,2019 Q1,1,2019-01-01
907,1776222,2019 Q1,1,2019-01-01
908,1726642,2019 Q1,1,2019-01-01
909,1729258,2019 Q1,1,2019-01-01
910,1746113,2019 Q1,1,2019-01-01
911,1749664,2019 Q1,1,2019-01-01
912,1753304,2019 Q1,1,2019-01-01
913,1758783,2019 Q1,1,2019-01-01
914,1769031,2019 Q1,1,2019-01-01
915,1770145,2019 Q1,1,2019-01-01
916,1771735,2019 Q1,1,2019-01-01
917,1772748,2019 Q1,1,2019-01-01
918,1773047,2019 Q1,1,2019-01-01
919,1773741,2019 Q1,1,2019-01-01
920,1774022,2019 Q1,1,2019-01-01
921,1774773,2019 Q1,1,2019-01-01
922,1774814,2019 Q1,1,2019-01-01
923,1774834,2019 Q1,1,2019-01-01
924,1774865,2019 Q1,1,2019-01-01
925,1774877,2019 Q1,1,2019-01-01
926,1774880,2019 Q1,1,2019-01-01
927,1774885,2019 Q1,1,2019-01-01
928,1774911,2019 Q1,1,2019-01-01
929,1774918,2019 Q1,1,2019-01-01
930,1774935,2019 Q1,1,2019-01-01
931,1774937,2019 Q1,1,2019-01-01
932,1774945,2019 Q1,1,2019-01-01
933,1774947,2019 Q1,1,2019-01-01
934,1775000,2019 Q1,1,2019-01-01
935,1775036,2019 Q1,1,2019-01-01
936,1775053,2019 Q1,1,2019-01-01
937,1775056,2019 Q1,1,2019-01-01
938,1775057,2019 Q1,1,2019-01-01
939,1775058,2019 Q1,1,2019-01-01
940,1775068,2019 Q1,1,2019-01-01
941,1775070,2019 Q1,1,2019-01-01
942,1775092,2019 Q1,1,2019-01-01
943,1775111,2019 Q1,1,2019-01-01
944,1775112,2019 Q1,1,2019-01-01
945,1775121,2019 Q1,1,2019-01-01
946,1775130,2019 Q1,1,2019-01-01
947,1775171,2019 Q1,1,2019-01-01
948,1775172,2019 Q1,1,2019-01-01
949,1775173,2019 Q1,1,2019-01-01
950,1775182,2019 Q1,1,2019-01-01
951,1775202,2019 Q1,1,2019-01-01
952,1775210,2019 Q1,1,2019-01-01
953,1775222,2019 Q1,1,2019-01-01
954,1775230,2019 Q1,1,2019-01-01
955,1775239,2019 Q1,1,2019-01-01
956,1775258,2019 Q1,1,2019-01-01
957,1775260,2019 Q1,1,2019-01-01
958,1775278,2019 Q1,1,2019-01-01
959,1775295,2019 Q1,1,2019-01-01
960,1775313,2019 Q1,1,2019-01-01
961,1775314,2019 Q1,1,2019-01-01
962,1775329,2019 Q1,1,2019-01-01
963,1775330,2019 Q1,1,2019-01-01
964,1775335,2019 Q1,1,2019-01-01
965,1775370,2019 Q1,1,2019-01-01
966,1775372,2019 Q1,1,2019-01-01
967,1775373,2019 Q1,1,2019-01-01
968,1775375,2019 Q1,1,2019-01-01
969,1775378,2019 Q1,1,2019-01-01
970,1775398,2019 Q1,1,2019-01-01
971,1775416,2019 Q1,1,2019-01-01
972,1775433,2019 Q1,1,2019-01-01
973,1775439,2019 Q1,1,2019-01-01
974,1775442,2019 Q1,1,2019-01-01
975,1775487,2019 Q1,1,2019-01-01
976,1775510,2019 Q1,1,2019-01-01
977,1775511,2019 Q1,1,2019-01-01
978,1775512,2019 Q1,1,2019-01-01
979,1775523,2019 Q1,1,2019-01-01
980,1775529,2019 Q1,1,2019-01-01
981,1775530,2019 Q1,1,2019-01-01
982,1775531,2019 Q1,1,2019-01-01
983,1775536,2019 Q1,1,2019-01-01
984,1775555,2019 Q1,1,2019-01-01
985,1775556,2019 Q1,1,2019-01-01
986,1775567,2019 Q1,1,2019-01-01
987,1775606,2019 Q1,1,2019-01-01
988,1775607,2019 Q1,1,2019-01-01
989,1775613,2019 Q1,1,2019-01-01
990,1775616,2019 Q1,1,2019-01-01
991,1775631,2019 Q1,1,2019-01-01
992,1775638,2019 Q1,1,2019-01-01
993,1775641,2019 Q1,1,2019-01-01
994,1775647,2019 Q1,1,2019-01-01
995,1775650,2019 Q1,1,2019-01-01
996,1775652,2019 Q1,1,2019-01-01
997,1775654,2019 Q1,1,2019-01-01
998,1775699,2019 Q1,1,2019-01-01
999,1775700,2019 Q1,1,2019-01-01
1000,1775724,2019 Q1,1,2019-01-01
1001,1775735,2019 Q1,1,2019-01-01
1002,1775749,2019 Q1,1,2019-01-01
1003,1775757,2019 Q1,1,2019-01-01
1004,1775777,2019 Q1,1,2019-01-01
1005,1775779,2019 Q1,1,2019-01-01
1006,1775792,2019 Q1,1,2019-01-01
1007,1775808,2019 Q1,1,2019-01-01
1008,1775811,2019 Q1,1,2019-01-01
1009,1775908,2019 Q1,1,2019-01-01
1010,1725160,2019 Q1,0,2019-01-01
1011,1726036,2019 Q1,0,2019-01-01
1012,1727299,2019 Q1,0,2019-01-01
1013,1727542,2019 Q1,0,2019-01-01
1014,1727714,2019 Q1,0,2019-01-01
1015,1728139,2019 Q1,0,2019-01-01
1016,1728787,2019 Q1,0,2019-01-01
1017,1729065,2019 Q1,0,2019-01-01
1018,1730215,2019 Q1,0,2019-01-01
1019,1730477,2019 Q1,0,2019-01-01
1020,1730556,2019 Q1,0,2019-01-01
1021,1744045,2019 Q1,0,2019-01-01
1022,1749372,2019 Q1,0,2019-01-01
1023,1752445,2019 Q1,0,2019-01-01
1024,1757742,2019 Q1,0,2019-01-01
1025,1758315,2019 Q1,0,2019-01-01
1026,1759224,2019 Q1,0,2019-01-01
1027,1759768,2019 Q1,0,2019-01-01
1028,1769031,2019 Q1,0,2019-01-01
1029,1769872,2019 Q1,0,2019-01-01
1030,1770043,2019 Q1,0,2019-01-01
1031,1770372,2019 Q1,0,2019-01-01
1032,1770391,2019 Q1,0,2019-01-01
1033,1770578,2019 Q1,0,2019-01-01
1034,1770637,2019 Q1,0,2019-01-01
1035,1770659,2019 Q1,0,2019-01-01
1036,1770706,2019 Q1,0,2019-01-01
1037,1772153,2019 Q1,0,2019-01-01
1038,1772196,2019 Q1,0,2019-01-01
1039,1772211,2019 Q1,0,2019-01-01
1040,1772241,2019 Q1,0,2019-01-01
1041,1772711,2019 Q1,0,2019-01-01
1042,1772904,2019 Q1,0,2019-01-01
1043,1773268,2019 Q1,0,2019-01-01
1044,1773667,2019 Q1,0,2019-01-01
1045,1773684,2019 Q1,0,2019-01-01
1046,1773703,2019 Q1,0,2019-01-01
1047,1773846,2019 Q1,0,2019-01-01
1048,1773847,2019 Q1,0,2019-01-01
1049,1773891,2019 Q1,0,2019-01-01
1050,1773938,2019 Q1,0,2019-01-01
1051,1774158,2019 Q1,0,2019-01-01
1052,1774264,2019 Q1,0,2019-01-01
1053,1774275,2019 Q1,0,2019-01-01
1054,1774335,2019 Q1,0,2019-01-01
1055,1774365,2019 Q1,0,2019-01-01
1056,1774730,2019 Q1,0,2019-01-01
1057,1774731,2019 Q1,0,2019-01-01
1058,1774818,2019 Q1,0,2019-01-01
1059,1774911,2019 Q1,0,2019-01-01
1060,1774917,2019 Q1,0,2019-01-01
1061,1774918,2019 Q1,0,2019-01-01
1062,1774947,2019 Q1,0,2019-01-01
1063,1774958,2019 Q1,0,2019-01-01
1064,1774986,2019 Q1,0,2019-01-01
1065,1775071,2019 Q1,0,2019-01-01
1066,1775095,2019 Q1,0,2019-01-01
1067,1775096,2019 Q1,0,2019-01-01
1068,1775111,2019 Q1,0,2019-01-01
1069,1775121,2019 Q1,0,2019-01-01
1070,1775172,2019 Q1,0,2019-01-01
1071,1775230,2019 Q1,0,2019-01-01
1072,1775314,2019 Q1,0,2019-01-01
1073,1775439,2019 Q1,0,2019-01-01
1074,1775442,2019 Q1,0,2019-01-01
1075,1775613,2019 Q1,0,2019-01-01
1076,1776215,2019 Q1,0,2019-01-01
1077,1726387,2019 Q1,0,2019-01-01
1078,1727034,2019 Q1,0,2019-01-01
1079,1727979,2019 Q1,0,2019-01-01
1080,1729697,2019 Q1,0,2019-01-01
1081,1730007,2019 Q1,0,2019-01-01
1082,1746113,2019 Q1,0,2019-01-01
1083,1768898,2019 Q1,0,2019-01-01
1084,1768937,2019 Q1,0,2019-01-01
1085,1769117,2019 Q1,0,2019-01-01
1086,1769593,2019 Q1,0,2019-01-01
1087,1770214,2019 Q1,0,2019-01-01
1088,1770451,2019 Q1,0,2019-01-01
1089,1770531,2019 Q1,0,2019-01-01
1090,1770614,2019 Q1,0,2019-01-01
1091,1770728,2019 Q1,0,2019-01-01
1092,1772549,2019 Q1,0,2019-01-01
1093,1773074,2019 Q1,0,2019-01-01
1094,1773079,2019 Q1,0,2019-01-01
1095,1773134,2019 Q1,0,2019-01-01
1096,1773714,2019 Q1,0,2019-01-01
1097,1773741,2019 Q1,0,2019-01-01
1098,1773856,2019 Q1,0,2019-01-01
1099,1774105,2019 Q1,0,2019-01-01
1100,1774517,2019 Q1,0,2019-01-01
1101,1774519,2019 Q1,0,2019-01-01
1102,1774721,2019 Q1,0,2019-01-01
1103,1774803,2019 Q1,0,2019-01-01
1104,1774946,2019 Q1,0,2019-01-01
1105,1774948,2019 Q1,0,2019-01-01
1106,1775260,2019 Q1,0,2019-01-01
1107,1775292,2019 Q1,0,2019-01-01
1108,1775408,2019 Q1,0,2019-01-01
1109,1775413,2019 Q1,0,2019-01-01
1110,1775415,2019 Q1,0,2019-01-01
1111,1775417,2019 Q1,0,2019-01-01
1112,1775530,2019 Q1,0,2019-01-01
1113,1775608,2019 Q1,0,2019-01-01
1114,1775614,2019 Q1,0,2019-01-01
1115,1775927,2019 Q1,0,2019-01-01
1116,1776221,2019 Q1,0,2019-01-01
1117,1776222,2019 Q1,0,2019-01-01
1118,1724940,2019 Q1,0,2019-01-01
1119,1725068,2019 Q1,0,2019-01-01
1120,1725631,2019 Q1,0,2019-01-01
1121,1726605,2019 Q1,0,2019-01-01
1122,1726642,2019 Q1,0,2019-01-01
1123,1727170,2019 Q1,0,2019-01-01
1124,1727700,2019 Q1,0,2019-01-01
1125,1728243,2019 Q1,0,2019-01-01
1126,1728394,2019 Q1,0,2019-01-01
1127,1729258,2019 Q1,0,2019-01-01
1128,1731470,2019 Q1,0,2019-01-01
1129,1731673,2019 Q1,0,2019-01-01
1130,1731853,2019 Q1,0,2019-01-01
1131,1739078,2019 Q1,0,2019-01-01
1132,1740276,2019 Q1,0,2019-01-01
1133,1743172,2019 Q1,0,2019-01-01
1134,1748409,2019 Q1,0,2019-01-01
1135,1749664,2019 Q1,0,2019-01-01
1136,1750886,2019 Q1,0,2019-01-01
1137,1752501,2019 Q1,0,2019-01-01
1138,1753280,2019 Q1,0,2019-01-01
1139,1753304,2019 Q1,0,2019-01-01
1140,1755470,2019 Q1,0,2019-01-01
1141,1757525,2019 Q1,0,2019-01-01
1142,1757665,2019 Q1,0,2019-01-01
1143,1758783,2019 Q1,0,2019-01-01
1144,1758891,2019 Q1,0,2019-01-01
1145,1759628,2019 Q1,0,2019-01-01
1146,1761617,2019 Q1,0,2019-01-01
1147,1770145,2019 Q1,0,2019-01-01
1148,1770494,2019 Q1,0,2019-01-01
1149,1770731,2019 Q1,0,2019-01-01
1150,1771144,2019 Q1,0,2019-01-01
1151,1771268,2019 Q1,0,2019-01-01
1152,1771333,2019 Q1,0,2019-01-01
1153,1771432,2019 Q1,0,2019-01-01
1154,1771519,2019 Q1,0,2019-01-01
1155,1771571,2019 Q1,0,2019-01-01
1156,1771735,2019 Q1,0,2019-01-01
1157,1772403,2019 Q1,0,2019-01-01
1158,1772434,2019 Q1,0,2019-01-01
1159,1772437,2019 Q1,0,2019-01-01
1160,1772469,2019 Q1,0,2019-01-01
1161,1772471,2019 Q1,0,2019-01-01
1162,1772748,2019 Q1,0,2019-01-01
1163,1773047,2019 Q1,0,2019-01-01
1164,1773143,2019 Q1,0,2019-01-01
1165,1773189,2019 Q1,0,2019-01-01
1166,1773205,2019 Q1,0,2019-01-01
1167,1773257,2019 Q1,0,2019-01-01
1168,1773315,2019 Q1,0,2019-01-01
1169,1773332,2019 Q1,0,2019-01-01
1170,1773611,2019 Q1,0,2019-01-01
1171,1773687,2019 Q1,0,2019-01-01
1172,1773818,2019 Q1,0,2019-01-01
1173,1773872,2019 Q1,0,2019-01-01
1174,1774022,2019 Q1,0,2019-01-01
1175,1774061,2019 Q1,0,2019-01-01
1176,1774070,2019 Q1,0,2019-01-01
1177,1774102,2019 Q1,0,2019-01-01
1178,1774111,2019 Q1,0,2019-01-01
1179,1774171,2019 Q1,0,2019-01-01
1180,1774181,2019 Q1,0,2019-01-01
1181,1774376,2019 Q1,0,2019-01-01
1182,1774380,2019 Q1,0,2019-01-01
1183,1774400,2019 Q1,0,2019-01-01
1184,1774487,2019 Q1,0,2019-01-01
1185,1774546,2019 Q1,0,2019-01-01
1186,1774594,2019 Q1,0,2019-01-01
1187,1774601,2019 Q1,0,2019-01-01
1188,1774671,2019 Q1,0,2019-01-01
1189,1774723,2019 Q1,0,2019-01-01
1190,1774726,2019 Q1,0,2019-01-01
1191,1774773,2019 Q1,0,2019-01-01
1192,1774814,2019 Q1,0,2019-01-01
1193,1774817,2019 Q1,0,2019-01-01
1194,1774834,2019 Q1,0,2019-01-01
1195,1774865,2019 Q1,0,2019-01-01
1196,1774877,2019 Q1,0,2019-01-01
1197,1774880,2019 Q1,0,2019-01-01
1198,1774885,2019 Q1,0,2019-01-01
1199,1774935,2019 Q1,0,2019-01-01
1200,1774937,2019 Q1,0,2019-01-01
1201,1774945,2019 Q1,0,2019-01-01
1202,1775000,2019 Q1,0,2019-01-01
1203,1775036,2019 Q1,0,2019-01-01
1204,1775053,2019 Q1,0,2019-01-01
1205,1775056,2019 Q1,0,2019-01-01
1206,1775057,2019 Q1,0,2019-01-01
1207,1775058,2019 Q1,0,2019-01-01
1208,1775068,2019 Q1,0,2019-01-01
1209,1775070,2019 Q1,0,2019-01-01
1210,1775092,2019 Q1,0,2019-01-01
1211,1775112,2019 Q1,0,2019-01-01
1212,1775130,2019 Q1,0,2019-01-01
1213,1775171,2019 Q1,0,2019-01-01
1214,1775173,2019 Q1,0,2019-01-01
1215,1775182,2019 Q1,0,2019-01-01
1216,1775202,2019 Q1,0,2019-01-01
1217,1775210,2019 Q1,0,2019-01-01
1218,1775222,2019 Q1,0,2019-01-01
1219,1775239,2019 Q1,0,2019-01-01
1220,1775258,2019 Q1,0,2019-01-01
1221,1775278,2019 Q1,0,2019-01-01
1222,1775295,2019 Q1,0,2019-01-01
1223,1775313,2019 Q1,0,2019-01-01
1224,1775329,2019 Q1,0,2019-01-01
1225,1775330,2019 Q1,0,2019-01-01
1226,1775335,2019 Q1,0,2019-01-01
1227,1775370,2019 Q1,0,2019-01-01
1228,1775372,2019 Q1,0,2019-01-01
1229,1775373,2019 Q1,0,2019-01-01
1230,1775375,2019 Q1,0,2019-01-01
1231,1775378,2019 Q1,0,2019-01-01
1232,1775398,2019 Q1,0,2019-01-01
1233,1775416,2019 Q1,0,2019-01-01
1234,1775433,2019 Q1,0,2019-01-01
1235,1775487,2019 Q1,0,2019-01-01
1236,1775510,2019 Q1,0,2019-01-01
1237,1775511,2019 Q1,0,2019-01-01
1238,1775512,2019 Q1,0,2019-01-01
1239,1775523,2019 Q1,0,2019-01-01
1240,1775529,2019 Q1,0,2019-01-01
1241,1775531,2019 Q1,0,2019-01-01
1242,1775536,2019 Q1,0,2019-01-01
1243,1775555,2019 Q1,0,2019-01-01
1244,1775556,2019 Q1,0,2019-01-01
1245,1775567,2019 Q1,0,2019-01-01
1246,1775606,2019 Q1,0,2019-01-01
1247,1775607,2019 Q1,0,2019-01-01
1248,1775616,2019 Q1,0,2019-01-01
1249,1775631,2019 Q1,0,2019-01-01
1250,1775638,2019 Q1,0,2019-01-01
1251,1775641,2019 Q1,0,2019-01-01
1252,1775647,2019 Q1,0,2019-01-01
1253,1775650,2019 Q1,0,2019-01-01
1254,1775652,2019 Q1,0,2019-01-01
1255,1775654,2019 Q1,0,2019-01-01
1256,1775699,2019 Q1,0,2019-01-01
1257,1775700,2019 Q1,0,2019-01-01
1258,1775724,2019 Q1,0,2019-01-01
1259,1775735,2019 Q1,0,2019-01-01
1260,1775749,2019 Q1,0,2019-01-01
1261,1775757,2019 Q1,0,2019-01-01
1262,1775777,2019 Q1,0,2019-01-01
1263,1775779,2019 Q1,0,2019-01-01
1264,1775792,2019 Q1,0,2019-01-01
1265,1775808,2019 Q1,0,2019-01-01
1266,1775811,2019 Q1,0,2019-01-01
1267,1775908,2019 Q1,0,2019-01-01
1268,181150,2019 Q1,0,2019-01-01
1269,1815235,2019 Q1,0,2019-01-01
1270,1816039,2019 Q1,0,2019-01-01
1271,1828166,2019 Q1,0,2019-01-01
1272,1829134,2019 Q1,0,2019-01-01
1273,1840688,2019 Q1,0,2019-01-01
1274,1841901,2019 Q1,0,2019-01-01
1275,1841979,2019 Q1,0,2019-01-01
1276,1843538,2019 Q1,0,2019-01-01
1277,1845793,2019 Q1,1,2019-01-01
1278,1845920,2019 Q1,0,2019-01-01
1279,1846234,2019 Q1,0,2019-01-01
1280,1846527,2019 Q1,0,2019-01-01
1281,1848336,2019 Q1,1,2019-01-01
1282,1848683,2019 Q1,0,2019-01-01
1283,1848759,2019 Q1,0,2019-01-01
1284,1849261,2019 Q1,0,2019-01-01
1285,1849310,2019 Q1,0,2019-01-01
1286,1850388,2019 Q1,0,2019-01-01
1287,1850827,2019 Q1,0,2019-01-01
1288,1851128,2019 Q1,0,2019-01-01
1289,1852075,2019 Q1,0,2019-01-01
1290,1852358,2019 Q1,0,2019-01-01
1291,1853518,2019 Q1,0,2019-01-01
1292,1853753,2019 Q1,0,2019-01-01
1293,1854041,2019 Q1,0,2019-01-01
1294,1854097,2019 Q1,0,2019-01-01
1295,1854277,2019 Q1,0,2019-01-01
1296,1854452,2019 Q1,1,2019-01-01
1297,1854654,2019 Q1,0,2019-01-01
1298,1854797,2019 Q1,0,2019-01-01
1299,1854894,2019 Q1,1,2019-01-01
1300,1854894,2019 Q1,0,2019-01-01
1301,1855153,2019 Q1,0,2019-01-01
1302,1855207,2019 Q1,0,2019-01-01
1303,1855442,2019 Q1,0,2019-01-01
1304,1855650,2019 Q1,1,2019-01-01
1305,1856238,2019 Q1,0,2019-01-01
1306,1856521,2019 Q1,0,2019-01-01
1307,1857316,2019 Q1,0,2019-01-01
1308,1857476,2019 Q1,0,2019-01-01
1309,1857477,2019 Q1,0,2019-01-01
1310,1857479,2019 Q1,0,2019-01-01
1311,1861839,2019 Q1,0,2019-01-01
1312,1861987,2019 Q1,0,2019-01-01
1313,1862074,2019 Q1,0,2019-01-01
1314,1862814,2019 Q1,0,2019-01-01
1315,1862816,2019 Q1,0,2019-01-01
1316,1862913,2019 Q1,0,2019-01-01
1317,1862956,2019 Q1,0,2019-01-01
1318,1863709,2019 Q1,0,2019-01-01
1319,1863991,2019 Q1,1,2019-01-01
1320,1864366,2019 Q1,1,2019-01-01
1321,1864502,2019 Q1,0,2019-01-01
1322,1864902,2019 Q1,0,2019-01-01
1323,1865525,2019 Q1,0,2019-01-01
1324,1865526,2019 Q1,0,2019-01-01
1325,1866125,2019 Q1,0,2019-01-01
1326,1866137,2019 Q1,0,2019-01-01
1327,1866599,2019 Q1,1,2019-01-01
1328,1867037,2019 Q1,0,2019-01-01
1329,1867235,2019 Q1,0,2019-01-01
1330,18100040,2019 Q1,1,2019-01-01
1331,18100126,2019 Q1,0,2019-01-01
1332,18100129,2019 Q1,0,2019-01-01
1333,18100282,2019 Q1,0,2019-01-01
1334,18100319,2019 Q1,0,2019-01-01
1335,18100364,2019 Q1,1,2019-01-01
1336,18100734,2019 Q1,0,2019-01-01
1337,18101385,2019 Q1,0,2019-01-01
1338,18101401,2019 Q1,0,2019-01-01
1339,18101828,2019 Q1,0,2019-01-01
1340,18102178,2019 Q1,0,2019-01-01
1341,18102450,2019 Q1,0,2019-01-01
1342,18102544,2019 Q1,0,2019-01-01
1343,18103135,2019 Q1,0,2019-01-01
1344,18103235,2019 Q1,0,2019-01-01
1345,18103402,2019 Q1,0,2019-01-01
1346,18103434,2019 Q1,0,2019-01-01
1347,18103521,2019 Q1,0,2019-01-01
1348,18103535,2019 Q1,0,2019-01-01
1349,18103536,2019 Q1,0,2019-01-01
1350,18104238,2019 Q1,0,2019-01-01
1351,18104267,2019 Q1,0,2019-01-01
1352,18104505,2019 Q1,0,2019-01-01
1353,18104710,2019 Q1,0,2019-01-01
1354,18104738,2019 Q1,0,2019-01-01
1355,18104843,2019 Q1,0,2019-01-01
1356,18104912,2019 Q1,0,2019-01-01
1357,18105138,2019 Q1,0,2019-01-01
1358,18105152,2019 Q1,0,2019-01-01
1359,18109006,2019 Q1,0,2019-01-01
1360,18109109,2019 Q1,0,2019-01-01
1361,18109542,2019 Q1,0,2019-01-01
1362,18109991,2019 Q1,0,2019-01-01
1363,18110788,2019 Q1,0,2019-01-01
1364,18111081,2019 Q1,0,2019-01-01
1365,18111547,2019 Q1,0,2019-01-01
1366,18111731,2019 Q1,0,2019-01-01
1367,18111769,2019 Q1,0,2019-01-01
1368,18111780,2019 Q1,0,2019-01-01
1369,18111980,2019 Q1,0,2019-01-01
1370,18111993,2019 Q1,0,2019-01-01
1371,18112505,2019 Q1,0,2019-01-01
1372,18112666,2019 Q1,0,2019-01-01
1373,18112896,2019 Q1,0,2019-01-01
1374,18113224,2019 Q1,0,2019-01-01
1375,18113283,2019 Q1,0,2019-01-01
1376,18113294,2019 Q1,0,2019-01-01
1377,18113303,2019 Q1,0,2019-01-01
1378,18113308,2019 Q1,0,2019-01-01
1379,18113560,2019 Q1,0,2019-01-01
1380,18113876,2019 Q1,0,2019-01-01
1381,18113999,2019 Q1,0,2019-01-01
1382,18114196,2019 Q1,0,2019-01-01
1383,18114205,2019 Q1,0,2019-01-01
1384,18114270,2019 Q1,0,2019-01-01
1385,18114359,2019 Q1,0,2019-01-01
1386,18114440,2019 Q1,0,2019-01-01
1387,18114523,2019 Q1,0,2019-01-01
1388,18114558,2019 Q1,0,2019-01-01
1389,18114793,2019 Q1,0,2019-01-01
1390,18114852,2019 Q1,0,2019-01-01
1391,18114873,2019 Q1,0,2019-01-01
1392,18114875,2019 Q1,0,2019-01-01
1393,18114958,2019 Q1,0,2019-01-01
1394,18114982,2019 Q1,0,2019-01-01
1395,18115020,2019 Q1,0,2019-01-01
1396,18115021,2019 Q1,0,2019-01-01
1397,18115057,2019 Q1,0,2019-01-01
1398,18115088,2019 Q1,0,2019-01-01
1399,18115104,2019 Q1,0,2019-01-01
1400,18115110,2019 Q1,0,2019-01-01
1401,18115164,2019 Q1,0,2019-01-01
1402,18115169,2019 Q1,0,2019-01-01
1403,18115205,2019 Q1,0,2019-01-01
1404,18115257,2019 Q1,0,2019-01-01
1405,18115282,2019 Q1,0,2019-01-01
1406,18115289,2019 Q1,0,2019-01-01
1407,18115332,2019 Q1,0,2019-01-01
1408,18115388,2019 Q1,0,2019-01-01
1409,18115547,2019 Q1,0,2019-01-01
1410,18115612,2019 Q1,0,2019-01-01
1411,18115774,2019 Q1,0,2019-01-01
1412,18115825,2019 Q1,0,2019-01-01
1413,18115862,2019 Q1,0,2019-01-01
1414,18116171,2019 Q1,0,2019-01-01
1415,18116214,2019 Q1,0,2019-01-01
1416,18116299,2019 Q1,0,2019-01-01
1417,18116300,2019 Q1,0,2019-01-01
1418,18116301,2019 Q1,0,2019-01-01
1419,18116452,2019 Q1,0,2019-01-01
1420,18116651,2019 Q1,0,2019-01-01
1421,18116720,2019 Q1,0,2019-01-01
1422,18116814,2019 Q1,0,2019-01-01
1423,18116891,2019 Q1,0,2019-01-01
1424,18116924,2019 Q1,0,2019-01-01
1425,18116933,2019 Q1,0,2019-01-01
1426,18116935,2019 Q1,0,2019-01-01
1427,18116966,2019 Q1,0,2019-01-01
1428,18116983,2019 Q1,0,2019-01-01
1429,18117038,2019 Q1,0,2019-01-01
1430,18117513,2019 Q1,0,2019-01-01
1431,18117596,2019 Q1,0,2019-01-01
1432,18117602,2019 Q1,0,2019-01-01
1433,18117632,2019 Q1,0,2019-01-01
1434,18117887,2019 Q1,0,2019-01-01
1435,18118025,2019 Q1,0,2019-01-01
1436,18118158,2019 Q1,0,2019-01-01
1437,18118242,2019 Q1,0,2019-01-01
1438,18118263,2019 Q1,0,2019-01-01
1439,18118324,2019 Q1,0,2019-01-01
1440,18118498,2019 Q1,0,2019-01-01
1441,18118619,2019 Q1,0,2019-01-01
1442,18118633,2019 Q1,0,2019-01-01
1443,18118763,2019 Q1,0,2019-01-01
1444,18118769,2019 Q1,0,2019-01-01
1445,18118771,2019 Q1,0,2019-01-01
1446,18118935,2019 Q1,0,2019-01-01
1447,18119097,2019 Q1,0,2019-01-01
1448,18119385,2019 Q1,0,2019-01-01
1449,18119395,2019 Q1,0,2019-01-01
1450,18119490,2019 Q1,0,2019-01-01
1451,18119626,2019 Q1,0,2019-01-01
1452,18119696,2019 Q1,1,2019-01-01
1453,18119707,2019 Q1,0,2019-01-01
1454,18119709,2019 Q1,0,2019-01-01
1455,18119740,2019 Q1,0,2019-01-01
1456,18119902,2019 Q1,0,2019-01-01
1457,18119931,2019 Q1,0,2019-01-01
1458,18119935,2019 Q1,0,2019-01-01
1459,18119943,2019 Q1,0,2019-01-01
1460,18120272,2019 Q1,0,2019-01-01
1461,18120296,2019 Q1,0,2019-01-01
1462,18120549,2019 Q1,0,2019-01-01
1463,18120583,2019 Q1,0,2019-01-01
1464,18120655,2019 Q1,0,2019-01-01
1465,18120738,2019 Q1,0,2019-01-01
1466,18120810,2019 Q1,0,2019-01-01
1467,18121212,2019 Q1,0,2019-01-01
1468,18121239,2019 Q1,0,2019-01-01
1469,18121757,2019 Q1,0,2019-01-01
1470,18122015,2019 Q1,0,2019-01-01
1471,18122063,2019 Q1,0,2019-01-01
1472,18122075,2019 Q1,0,2019-01-01
1473,18122978,2019 Q1,1,2019-01-01
1474,18123064,2019 Q1,1,2019-01-01
1475,18123431,2019 Q1,1,2019-01-01
1476,18123431,2019 Q1,0,2019-01-01
1477,18123563,2019 Q1,1,2019-01-01
1478,18123625,2019 Q1,1,2019-01-01
1479,18123693,2019 Q1,1,2019-01-01
1480,18123697,2019 Q1,1,2019-01-01
1481,18123820,2019 Q1,1,2019-01-01
1482,18123942,2019 Q1,1,2019-01-01
1483,18123966,2019 Q1,1,2019-01-01
1484,18123966,2019 Q1,0,2019-01-01
1485,18123992,2019 Q1,1,2019-01-01
1486,18124072,2019 Q1,1,2019-01-01
1487,18124072,2019 Q1,0,2019-01-01
1488,18124173,2019 Q1,1,2019-01-01
1489,18124396,2019 Q1,1,2019-01-01
1490,18120224,2019 Q1,0,2019-01-01
1491,2001956,2019 Q1,1,2019-01-01
1492,2006607,2019 Q1,1,2019-01-01
1493,2075316,2019 Q1,1,2019-01-01
1494,2082281,2019 Q1,1,2019-01-01
1495,2083688,2019 Q1,1,2019-01-01
1496,2084846,2019 Q1,1,2019-01-01
1497,2085342,2019 Q1,1,2019-01-01
1498,2085343,2019 Q1,1,2019-01-01
1499,2086730,2019 Q1,1,2019-01-01
1500,2088771,2019 Q1,1,2019-01-01
1501,2084998,2019 Q1,1,2019-01-01
1502,2077674,2019 Q1,1,2019-01-01
1503,1956751,2019 Q1,1,2019-01-01
1504,1959571,2019 Q1,1,2019-01-01
1505,1959268,2019 Q1,1,2019-01-01
1506,1958817,2019 Q1,1,2019-01-01
1507,1958363,2019 Q1,1,2019-01-01
1508,1959396,2019 Q1,1,2019-01-01
1509,1960541,2019 Q1,1,2019-01-01
1510,1960714,2019 Q1,1,2019-01-01
1511,1960361,2019 Q1,1,2019-01-01
1512,1957037,2019 Q1,1,2019-01-01
1513,1960031,2019 Q1,1,2019-01-01
1514,1959642,2019 Q1,1,2019-01-01
1515,1959289,2019 Q1,1,2019-01-01
1516,1958623,2019 Q1,1,2019-01-01
1517,1960393,2019 Q1,1,2019-01-01
1518,1961138,2019 Q1,1,2019-01-01
1519,1959710,2019 Q1,1,2019-01-01
1520,1954922,2019 Q1,1,2019-01-01
1521,1959979,2019 Q1,1,2019-01-01
1522,1960659,2019 Q1,1,2019-01-01
1523,1914252,2019 Q1,1,2019-01-01
1524,1960108,2019 Q1,1,2019-01-01
1525,1960641,2019 Q1,1,2019-01-01
1526,1959227,2019 Q1,1,2019-01-01
1527,1956477,2019 Q1,1,2019-01-01
1528,1959057,2019 Q1,1,2019-01-01
1529,1958816,2019 Q1,1,2019-01-01
1530,1959557,2019 Q1,1,2019-01-01
1531,1952010,2019 Q1,1,2019-01-01
1532,1956451,2019 Q1,1,2019-01-01
1533,1959499,2019 Q1,1,2019-01-01
1534,1959201,2019 Q1,1,2019-01-01
1535,1958802,2019 Q1,1,2019-01-01
1536,1959245,2019 Q1,1,2019-01-01
1537,1959089,2019 Q1,1,2019-01-01
1538,1958441,2019 Q1,1,2019-01-01
1539,1925398,2019 Q1,1,2019-01-01
1540,1959569,2019 Q1,1,2019-01-01
1541,1959244,2019 Q1,1,2019-01-01
1542,1910840,2019 Q1,1,2019-01-01
1543,1958690,2019 Q1,1,2019-01-01
1544,1917825,2019 Q1,1,2019-01-01
1545,1959641,2019 Q1,1,2019-01-01
1546,1959793,2019 Q1,1,2019-01-01
1547,1959334,2019 Q1,1,2019-01-01
1548,1960152,2019 Q1,1,2019-01-01
1549,1960154,2019 Q1,1,2019-01-01
1550,1960519,2019 Q1,1,2019-01-01
1551,1958804,2019 Q1,1,2019-01-01
1552,1959464,2019 Q1,1,2019-01-01
1553,1959234,2019 Q1,1,2019-01-01
1554,1958881,2019 Q1,1,2019-01-01
1555,1957245,2019 Q1,1,2019-01-01
1556,1951381,2019 Q1,1,2019-01-01
1557,1959810,2019 Q1,1,2019-01-01
1558,1958934,2019 Q1,1,2019-01-01
1559,1959885,2019 Q1,1,2019-01-01
1560,1960364,2019 Q1,1,2019-01-01
1561,1959278,2019 Q1,1,2019-01-01
1562,1960126,2019 Q1,1,2019-01-01
1563,1960216,2019 Q1,1,2019-01-01
1564,1958615,2019 Q1,1,2019-01-01
1565,1959270,2019 Q1,1,2019-01-01
1566,1960960,2019 Q1,1,2019-01-01
1567,1959530,2019 Q1,1,2019-01-01
1568,1960155,2019 Q1,1,2019-01-01
1569,1958887,2019 Q1,1,2019-01-01
1570,1959872,2019 Q1,1,2019-01-01
1571,1958787,2019 Q1,1,2019-01-01
1572,1958978,2019 Q1,1,2019-01-01
1573,1949466,2019 Q1,1,2019-01-01
1574,1958920,2019 Q1,1,2019-01-01
1575,1958757,2019 Q1,1,2019-01-01
1576,1956357,2019 Q1,1,2019-01-01
1577,1959643,2019 Q1,1,2019-01-01
1578,1959003,2019 Q1,1,2019-01-01
1579,1910840,2019 Q1,0,2019-01-01
1580,1911258,2019 Q1,0,2019-01-01
1581,1912005,2019 Q1,0,2019-01-01
1582,1914252,2019 Q1,0,2019-01-01
1583,1916740,2019 Q1,0,2019-01-01
1584,1917825,2019 Q1,0,2019-01-01
1585,1925398,2019 Q1,0,2019-01-01
1586,1925661,2019 Q1,0,2019-01-01
1587,1925953,2019 Q1,0,2019-01-01
1588,1932591,2019 Q1,0,2019-01-01
1589,1939471,2019 Q1,0,2019-01-01
1590,1939489,2019 Q1,0,2019-01-01
1591,1944052,2019 Q1,0,2019-01-01
1592,1945158,2019 Q1,0,2019-01-01
1593,1945743,2019 Q1,0,2019-01-01
1594,1946166,2019 Q1,0,2019-01-01
1595,1946211,2019 Q1,0,2019-01-01
1596,1946590,2019 Q1,0,2019-01-01
1597,1947556,2019 Q1,0,2019-01-01
1598,1947595,2019 Q1,0,2019-01-01
1599,1947655,2019 Q1,0,2019-01-01
1600,1948164,2019 Q1,0,2019-01-01
1601,1948234,2019 Q1,0,2019-01-01
1602,1948255,2019 Q1,0,2019-01-01
1603,1948263,2019 Q1,0,2019-01-01
1604,1949182,2019 Q1,0,2019-01-01
1605,1949285,2019 Q1,0,2019-01-01
1606,1949396,2019 Q1,0,2019-01-01
1607,1949466,2019 Q1,0,2019-01-01
1608,1949777,2019 Q1,0,2019-01-01
1609,1949856,2019 Q1,0,2019-01-01
1610,1950579,2019 Q1,0,2019-01-01
1611,1950731,2019 Q1,0,2019-01-01
1612,1950858,2019 Q1,0,2019-01-01
1613,1950880,2019 Q1,0,2019-01-01
1614,1951161,2019 Q1,0,2019-01-01
1615,1951381,2019 Q1,0,2019-01-01
1616,1951421,2019 Q1,0,2019-01-01
1617,1951841,2019 Q1,0,2019-01-01
1618,1952010,2019 Q1,0,2019-01-01
1619,1952275,2019 Q1,0,2019-01-01
1620,1952343,2019 Q1,0,2019-01-01
1621,1952349,2019 Q1,0,2019-01-01
1622,1952363,2019 Q1,0,2019-01-01
1623,1952415,2019 Q1,0,2019-01-01
1624,1952482,2019 Q1,0,2019-01-01
1625,1952517,2019 Q1,0,2019-01-01
1626,1952592,2019 Q1,0,2019-01-01
1627,1952637,2019 Q1,0,2019-01-01
1628,1952656,2019 Q1,0,2019-01-01
1629,1952774,2019 Q1,0,2019-01-01
1630,1952826,2019 Q1,0,2019-01-01
1631,1953125,2019 Q1,0,2019-01-01
1632,1953367,2019 Q1,0,2019-01-01
1633,1953422,2019 Q1,0,2019-01-01
1634,1953651,2019 Q1,0,2019-01-01
1635,1953716,2019 Q1,0,2019-01-01
1636,1953751,2019 Q1,0,2019-01-01
1637,1953877,2019 Q1,0,2019-01-01
1638,1953889,2019 Q1,0,2019-01-01
1639,1953936,2019 Q1,0,2019-01-01
1640,1954022,2019 Q1,0,2019-01-01
1641,1954065,2019 Q1,0,2019-01-01
1642,1954146,2019 Q1,0,2019-01-01
1643,1954270,2019 Q1,0,2019-01-01
1644,1954353,2019 Q1,0,2019-01-01
1645,1954441,2019 Q1,1,2019-01-01
1646,1954446,2019 Q1,0,2019-01-01
1647,1954526,2019 Q1,0,2019-01-01
1648,1954556,2019 Q1,0,2019-01-01
1649,1954585,2019 Q1,0,2019-01-01
1650,1954595,2019 Q1,0,2019-01-01
1651,1954597,2019 Q1,0,2019-01-01
1652,1954652,2019 Q1,0,2019-01-01
1653,1954723,2019 Q1,0,2019-01-01
1654,1954779,2019 Q1,0,2019-01-01
1655,1954789,2019 Q1,0,2019-01-01
1656,1954812,2019 Q1,0,2019-01-01
1657,1954868,2019 Q1,0,2019-01-01
1658,1954922,2019 Q1,0,2019-01-01
1659,1954934,2019 Q1,0,2019-01-01
1660,1954945,2019 Q1,0,2019-01-01
1661,1954947,2019 Q1,0,2019-01-01
1662,1955003,2019 Q1,0,2019-01-01
1663,1955113,2019 Q1,0,2019-01-01
1664,1955188,2019 Q1,0,2019-01-01
1665,1955209,2019 Q1,0,2019-01-01
1666,1956357,2019 Q1,0,2019-01-01
1667,1956451,2019 Q1,0,2019-01-01
1668,1956476,2019 Q1,0,2019-01-01
1669,1956477,2019 Q1,0,2019-01-01
1670,1956499,2019 Q1,0,2019-01-01
1671,1956525,2019 Q1,0,2019-01-01
1672,1956584,2019 Q1,0,2019-01-01
1673,1956738,2019 Q1,0,2019-01-01
1674,1956751,2019 Q1,0,2019-01-01
1675,1956762,2019 Q1,0,2019-01-01
1676,1957009,2019 Q1,0,2019-01-01
1677,1957029,2019 Q1,0,2019-01-01
1678,1957037,2019 Q1,0,2019-01-01
1679,1957081,2019 Q1,0,2019-01-01
1680,1957163,2019 Q1,0,2019-01-01
1681,1957234,2019 Q1,0,2019-01-01
1682,1957245,2019 Q1,0,2019-01-01
1683,1957310,2019 Q1,0,2019-01-01
1684,1958339,2019 Q1,0,2019-01-01
1685,1958363,2019 Q1,0,2019-01-01
1686,1958370,2019 Q1,0,2019-01-01
1687,1958371,2019 Q1,0,2019-01-01
1688,1958441,2019 Q1,0,2019-01-01
1689,1958611,2019 Q1,0,2019-01-01
1690,1958615,2019 Q1,0,2019-01-01
1691,1958623,2019 Q1,0,2019-01-01
1692,1958658,2019 Q1,0,2019-01-01
1693,1958690,2019 Q1,0,2019-01-01
1694,1958753,2019 Q1,0,2019-01-01
1695,1958757,2019 Q1,0,2019-01-01
1696,1958787,2019 Q1,0,2019-01-01
1697,1958802,2019 Q1,0,2019-01-01
1698,1958804,2019 Q1,0,2019-01-01
1699,1958816,2019 Q1,0,2019-01-01
1700,1958817,2019 Q1,0,2019-01-01
1701,1958881,2019 Q1,0,2019-01-01
1702,1958887,2019 Q1,0,2019-01-01
1703,1958919,2019 Q1,0,2019-01-01
1704,1958920,2019 Q1,0,2019-01-01
1705,1958934,2019 Q1,0,2019-01-01
1706,1958978,2019 Q1,0,2019-01-01
1707,1959003,2019 Q1,0,2019-01-01
1708,1959057,2019 Q1,0,2019-01-01
1709,1959089,2019 Q1,0,2019-01-01
1710,1959201,2019 Q1,0,2019-01-01
1711,1959227,2019 Q1,0,2019-01-01
1712,1959234,2019 Q1,0,2019-01-01
1713,1959244,2019 Q1,0,2019-01-01
1714,1959245,2019 Q1,0,2019-01-01
1715,1959268,2019 Q1,0,2019-01-01
1716,1959270,2019 Q1,0,2019-01-01
1717,1959278,2019 Q1,0,2019-01-01
1718,1959289,2019 Q1,0,2019-01-01
1719,1959334,2019 Q1,0,2019-01-01
1720,1959396,2019 Q1,0,2019-01-01
1721,1959464,2019 Q1,0,2019-01-01
1722,1959499,2019 Q1,0,2019-01-01
1723,1959530,2019 Q1,0,2019-01-01
1724,1959557,2019 Q1,0,2019-01-01
1725,1959569,2019 Q1,0,2019-01-01
1726,1959571,2019 Q1,0,2019-01-01
1727,1959641,2019 Q1,0,2019-01-01
1728,1959642,2019 Q1,0,2019-01-01
1729,1959643,2019 Q1,0,2019-01-01
1730,1959710,2019 Q1,0,2019-01-01
1731,1959793,2019 Q1,0,2019-01-01
1732,1959810,2019 Q1,0,2019-01-01
1733,1959872,2019 Q1,0,2019-01-01
1734,1959885,2019 Q1,0,2019-01-01
1735,1959979,2019 Q1,0,2019-01-01
1736,1960031,2019 Q1,0,2019-01-01
1737,1960108,2019 Q1,0,2019-01-01
1738,1960126,2019 Q1,0,2019-01-01
1739,1960152,2019 Q1,0,2019-01-01
1740,1960154,2019 Q1,0,2019-01-01
1741,1960155,2019 Q1,0,2019-01-01
1742,1960216,2019 Q1,0,2019-01-01
1743,1960361,2019 Q1,0,2019-01-01
1744,1960364,2019 Q1,0,2019-01-01
1745,1960393,2019 Q1,0,2019-01-01
1746,1960519,2019 Q1,0,2019-01-01
1747,1960541,2019 Q1,0,2019-01-01
1748,1960641,2019 Q1,0,2019-01-01
1749,1960659,2019 Q1,0,2019-01-01
1750,1960714,2019 Q1,0,2019-01-01
1751,1960960,2019 Q1,0,2019-01-01
1752,1961138,2019 Q1,0,2019-01-01
