,Wages1,Hours1,Wages2,Hours2
0,,,,
1,,,,
2,,,,
3,30,40,,
4,,,,
5,10,40,,
6,,,,
7,,,,
8,10,25,,
9,,,,
10,14,40,,
11,,,,
12,,,,
13,,,,
14,10,25,,
15,,,,
16,,,,
17,,,,
18,,,,
19,,,,
20,12.25,40,,
21,9.5,40,,
22,,,,
23,9.5,20,,
24,17.18,40,,
25,11,25,,
26,11,25,,
27,40,13,,
28,8,40,,
29,,,,
30,10,35,,
31,11,20,,
32,10,40,,
33,13,40,,
34,,,,
35,12,40,,
36,,,,
37,,,,
38,,,,
39,10,30,,
40,,,,
41,,,,
42,,,,
43,14,40,,
44,,,,
45,,,,
46,9.5,40,,
47,10,40,,
48,13,50,,
49,,,,
50,,,,
51,7.25,20,,
52,12.5,30,,
53,13,40,,
54,10,32,,
55,11.5,40,,
56,,,,
57,,,,
58,10,16,,
59,16,40,,
60,10.5,56,,
61,,,,
62,10.5,40,,
63,,,,
64,13,40,,
65,13,40,,
66,13,40,,
67,9,35,,
68,,,,
69,14,40,,
70,,,,
71,10,20,,
72,7.5,22,,
73,12,30,,
74,10,32,,
75,10.5,40,,
76,7.25,18,,
77,9,40,,
78,17,40,,
79,12,40,,
80,,,,
81,12,20,,
82,15,60,,
83,,,,
84,,,,
85,8,44,,
86,16.5,40,,
87,,,,
88,14.5,40,,
89,,,,
90,,,,
91,13.5,30,,
92,13.5,30,,
93,,,,
94,,,,
95,14,40,,
96,35.31,40,,
97,9.5,40,,
98,,,,
99,20,10,,
100,19,40,,
101,,,,
102,,,,
103,12,40,,
104,8,30,,
105,10,16,,
106,17,40,,
107,,,,
108,14,40,,
109,9,40,,
110,,,,
111,13,40,,
112,8,35,,
113,,,,
114,,,,
115,,,,
116,20,40,,
117,7.25,30,,
118,12,40,,
119,10,40,,
120,7.75,23,,
121,13.25,40,,
122,15,40,,
123,,,,
124,12.5,40,,
125,9.25,48,,
126,10,40,,
127,,,,
128,35,40,,
129,,,,
130,9.35,25,,
131,16,40,,
132,,,,
133,,,,
134,,,,
135,,,,
136,,,,
137,11,40,,
138,19,40,,
139,,,,
140,16,40,,
141,9,15,,
142,,,,
143,12,40,,
144,9,40,,
145,9.5,40,,
146,,,,
147,15.65,72,,
148,,,,
149,,,,
150,10,40,,
151,10,40,,
152,11.5,40,,
153,12,40,,
154,11.5,20,,
155,,,,
156,16.5,40,,
157,9,40,,
158,,,,
159,13,40,,
160,14,40,,
161,10,35,,
162,9.75,15,,
163,,,,
164,,,,
165,11,35,,
166,12,20,,
167,12,20,,
168,20,40,,
169,14.5,25,,
170,10.3,30,,
171,8,35,,
172,12,40,,
173,7.5,40,,
174,,,,
175,,,,
176,,,,
177,12,36,,
178,12,40,,
179,12,40,,
180,12,40,,
181,10,49,,
182,9,40,,
183,,,,
184,15,40,,
185,8.5,40,,
186,,,,
187,12.5,55,,
188,13.08,40,,
189,12,20,,
190,,,,
191,,,,
192,,,,
193,,,,
194,16,40,,
195,,,,
196,,,,
197,12,30,,
198,13.6,40,,
199,,,,
200,,,,
201,,,,
202,15,40,,
203,15,20,,
204,,,,
205,9,20,,
206,,,,
207,9,40,,
208,9.5,40,,
209,17,50,,
210,10.5,40,,
211,,,,
212,12.87,40,,
213,,,,
214,,,,
215,,,,
216,7.5,20,,
217,,,,
218,12,40,,
219,,,,
220,,,,
221,,,,
222,11.5,24,,
223,,,,
224,,,,
225,,,,
226,15,60,,
227,11,40,,
228,8,20,,
229,,,,
230,11.5,40,,
231,9,40,,
232,10.33,40,,
233,,,,
234,8.5,35,,
235,,,,
236,,,,
237,7.5,40,,
238,9,15,,
239,12,35,,
240,13,20,,
241,14,35,,
242,,,,
243,13,35,,
244,,,,
245,,,,
246,15,25,,
247,10,35,,
248,,,,
249,11.5,40,,
250,,,,
251,,,,
252,12,40,,
253,7.25,44,,
254,11.5,40,,
255,,,,
256,,,,
257,,,,
258,10,40,,
259,12,35,,
260,13,40,,
261,10,19,,
262,17.5,30,,
263,9,35,,
264,,,,
265,12.5,40,,
266,9,20,,
267,,,,
268,,,,
269,10,30,,
270,12,40,,
271,17,40,,
272,14,40,,
273,,,,
274,,,,
275,,,,
276,9.75,40,,
277,12.5,40,,
278,13,40,,
279,12.5,40,,
280,,,,
281,10,41,,
282,18,40,,
283,,,,
284,19.67,20,,
285,11,35,,
286,,,,
287,,,,
288,10,30,,
289,13.5,24,,
290,,,,
291,,,,
292,12,40,,
293,,,,
294,,,,
295,,,,
296,18.85,40,,
297,11,30,,
298,11,30,,
299,,,,
300,,,,
301,,,,
302,,,,
303,11,40,,
304,,,,
305,,,,
306,11,25,,
307,13,25,,
308,15,35,,
309,,,,
310,16.5,40,,
311,,,,
312,,,,
313,,,,
314,,,,
315,,,,
316,13.5,40,,
317,13.5,40,,
318,,,,
319,,,,
320,,,,
321,13.74,40,,
322,7.5,40,,
323,17,40,,
324,11,34,,
325,,,,
326,,,,
327,12.6,20,,
328,13.5,40,,
329,,,,
330,15,40,,
331,,,,
332,9.19,40,,
333,13.5,10,,
334,,,,
335,11,40,,
336,,,,
337,15,40,,
338,18,40,,
339,,,,
340,15,40,,
341,11,25,,
342,,,,
343,,,,
344,11,25,,
345,14.75,38,,
346,30,12,,
347,12.5,40,,
348,,,,
349,15,40,,
350,18.4,30,,
351,15,37,,
352,12.5,40,,
353,,,,
354,,,,
355,,,,
356,12,40,,
357,13,40,,
358,12.5,40,,
359,,,,
360,,,,
361,14,40,,
362,,,,
363,15,20,,
364,17,40,,
365,,,,
366,,,,
367,,,,
368,13,40,,
369,7.25,40,,
370,11,30,,
371,11,30,,
372,,,,
373,,,,
374,,,,
375,,,,
376,18,40,,
377,,,,
378,,,,
379,,,,
380,,,,
381,,,,
382,9,20,,
383,16,30,,
384,10.87,40,,
385,10,40,,
386,12,40,,
387,,,,
388,2.15,25,,
389,,,,
390,7.25,12,,
391,,,,
392,,,,
393,,,,
394,8.75,10,,
395,,,,
396,14,40,,
397,,,,
398,,,,
399,13,40,,
400,,,,
401,,,,
402,,,,
403,,,,
404,,,,
405,,,,
406,13,40,,
407,,,,
408,17.6,40,,
409,,,,
410,11,40,,
411,11,35,,
412,,,,
413,,,,
414,,,,
415,13,40,,
416,,,,
417,13.5,40,,
418,20,40,,
419,,,,
420,,,,
421,11.5,40,,
422,13,40,,
423,17,40,,
424,,,,
425,13,40,,
426,,,,
427,20,30,,
428,,,,
429,15,25,,
430,,,,
431,20,40,,
432,,,,
433,,,,
434,,,,
435,,,,
436,,,,
437,,,,
438,,,,
439,,,,
440,13.5,40,,
441,13.5,40,,
442,,,,
443,,,,
444,,,,
445,,,,
446,,,,
447,13.5,40,,
448,13.5,40,,
449,,,,
450,,,,
451,11,35,,
452,11,35,,
453,,,,
454,,,,
455,,,,
456,,,,
457,13.5,40,,
458,13.5,40,,
459,,,,
460,,,,
461,,,,
462,,,,
463,13.5,40,,
464,13.5,40,,
465,13.5,40,,
466,13.5,40,,
467,,,,
468,,,,
469,13,40,,
470,13,40,,
471,13.5,40,,
472,13.5,40,,
473,13.5,40,,
474,13.5,40,,
475,13,40,,
476,13,40,,
477,,,,
478,,,,
479,,,,
480,,,,
481,,,,
482,,,,
483,,,,
484,,,,
485,12,40,,
486,12,40,,
487,,,,
488,,,,
489,,,,
490,,,,
491,,,,
492,,,,
493,,,,
494,,,,
495,,,,
496,12,40,,
497,11.5,15,,
498,17,40,,
499,,,,
500,18.25,40,,
501,19,60,,
502,10.25,29,,
503,13.75,40,,
504,13,40,,
505,,,,
506,16.66,30,,
507,10,40,,
508,,,,
509,16.3,40,,
510,15,65,,
511,10,40,,
512,15,40,,
513,11.5,40,,
514,12,40,,
515,29,40,,
516,8,30,,
517,13.22,40,,
518,,,,
519,9,20,,
520,,,,
521,10.42,35,,
522,9.3,30,,
523,,,,
524,,,,
525,,,,
526,,,,
527,8,25,,
528,,,,
529,,,,
530,,,,
531,,,,
532,,,,
533,31.25,20,,
534,,,,
535,,,,
536,,,,
537,,,,
538,,,,
539,10,40,,
540,,,,
541,,,,
542,,,,
543,,,,
544,,,,
545,,,,
546,,,,
547,,,,
548,,,,
549,,,,
550,,,,
551,,,,
552,,,,
553,,,,
554,,,,
555,,,,
556,,,,
557,,,,
558,,,,
559,,,,
560,,,,
561,,,,
562,,,,
563,,,,
564,,,,
565,,,,
566,,,,
567,8.5,35,,
568,,,,
569,8,40,,
570,,,,
571,21,45,,
572,10,40,,
573,10,48,,
574,11,28,,
575,,,,
576,,,,
577,,,,
578,,,,
579,,,,
580,,,,
581,14,35,,
582,,,,
583,10.03,40,,
584,,,,
585,,,,
586,16,40,,
587,21,40,,
588,,,,
589,11.5,38,,
590,,,,
591,18.75,49,,
592,,,,
593,,,,
594,,,,
595,,,,
596,,,,
597,,,,
598,,,,
599,,,,
600,9,20,,
601,18,40,12.36,
602,,,,
603,18,40,12.36,
604,21,40,,
605,,,,
606,,,,
607,,,,
608,9,20,,
609,10,40,,
610,16,40,,
611,10,30,,
612,,,,
613,,,,
614,13,40,,
615,10,30,,
616,10.5,40,,
617,12,40,,
618,12,40,,
619,,,,
620,,,,
621,9,40,,
622,14,40,,
623,12,40,,
624,,,,
625,10,30,,
626,12,20,,
627,12,25,,
628,8,20,,
629,15,40,,
630,,,,
631,,,,
632,,,,
633,,,,
634,10,25,,
635,,,,
636,11,40,,
637,11,26,,
638,10,40,,
639,12,40,,
640,12,40,,
641,9,30,,
642,,,,
643,,,,
644,11,40,,
645,13,40,,
646,11,40,,
647,,,,
648,,,,
649,16.5,40,,
650,16,40,,
651,12,40,,
652,14,30,,
653,8,40,,
654,10,30,,
655,14,40,,
656,15,40,,
657,12,36,,
658,10,40,,
659,12,32,,
660,11,25,,
661,,,,
662,10,20,,
663,13,40,,
664,13.5,40,,
665,10,20,,
666,12,40,,
667,14,40,,
668,18,40,,
669,19,40,,
670,12,40,,
671,16,40,,
672,10,20,,
673,,,,
674,10,36,,
675,8,8,,
676,,,,
677,,,,
678,,,,
679,13.5,40,,
680,,,,
681,,,,
682,10,30,,
683,9,20,,
684,,,,
685,,,,
686,,,,
687,9.5,40,,
688,12,24,,
689,15,40,,
690,,,,
691,,,,
692,9,20,,
693,,,,
694,,,,
695,16,40,,
696,14.5,40,,
697,14.5,40,,
698,15.36,40,,
699,14.5,40,,
700,15.89,40,,
701,20,40,,
702,20,40,,
703,24,40,,
704,16,40,,
705,16,40,,
706,16,40,,
707,16,40,,
708,17.79,40,,
709,13,40,,
710,15,40,,
711,16,40,,
712,,,,
713,19.25,40,,
714,19.23,40,,
715,14.5,40,,
716,14,40,,
717,15,40,,
718,15,40,,
719,22.3,40,,
720,15,40,,
721,20.98,40,,
722,20.98,40,,
723,22,40,,
724,16.35,40,,
725,14.5,40,,
726,17.29,40,,
727,19.59,40,,
728,,,,
729,,,,
730,15,40,,
731,13.00,32,,
732,0,,,
733,0,,,
734,14.00,40,14,35
735,0,,,
736,0,,,
737,0,,,
738,0,,,
739,0,,,
740,0,,,
741,0,,,
742,0,,,
743,0,,,
744,10,25,,
745,16.00,35,,
746,0,0,0,0
747,11.22,38,0,0
748,0,,,
749,14.50,35,,
750,0,,,
751,0,,,
752,0,0,,
753,0,,,
754,13.00,35,,
755,10.50,44,,
756,0,10.8,40,0
757,12,40,,
758,0,,,
759,13.00,35,,
760,0,0,0,0
761,0,0,0,0
762,0,,,
763,0,,,
764,0,,,
765,0,,,
766,12,24,0,0
767,0,,,
768,0,,,
769,0,,,
770,0,,,
771,13.00,35,,
772,12.65,24,,
773,0,,,
774,0,,,
775,0,,,
776,15.85,40,,
777,0,,,
778,0,,,
779,13,80,11,25
780,0,,,
781,0,,,
782,0,,,
783,0,0,0,0
784,0,,,
785,10.00,40,,
786,9.50,35,,
787,13,40,11.3,25
788,0,0,0,0
789,0,,,
790,0,,,
791,0,0,0,0
792,0,,,
793,13.00,35,,
794,12.76,35,,
795,0,,,
796,0,,,
797,0,,,
798,0,,,
799,20.98,40,0,0
800,14.5,35,,
801,0,,,
802,11.50,40,,
803,18,40,,
804,0,,,
805,10.5,40,0,0
806,12.00,50,,
807,0,,,
808,0,,,
809,0,,,
810,10.75,40,,
811,0,,,
812,0,,,
813,0,,,
814,0,,,
815,8.50,25,,
816,0,,,
817,12.60,25,,
818,0,,,
819,0,,,
820,11.50,30,,
821,0,,,
822,0,,,
823,0,,,
824,0,,,
825,12,35,0,0
826,0,,,
827,11.50,35,,
828,0,,,
829,0,,,
830,0,,,
831,0,,,
832,0,0,,
833,0,,,
834,0,,,
835,0,,,
836,10,25,,
837,10,40,0,0
838,10,40,0,0
839,0,,,
840,0,,,
841,12,37,,
842,18,40,,
843,10.5,40,0,0
844,10,35,0,0
845,0,,,
846,0,,,
847,0,,,
848,0,,,
849,0,,,
850,10,30,,
851,0,,,
852,,,0,0
853,0,,,
854,0,,,
855,15,35,,
856,0,,,
857,10.5,40,,
858,0,,,
859,10.75,40,,
860,0,,,
861,0,,,
862,0,,,
863,10,40,,
864,0,,,
865,12,40,0,0
866,0,,,
867,0,,,
868,12,30,,
869,0,,,
870,0,,,
871,0,,,
872,13,40,,
873,35.58,40,,
874,12,40,,
875,0,0,,
876,0,40,,
877,0,16,,
878,0,0,,
879,0,0,,
880,0,0,,
881,0,0,,
882,0,0,,
883,0,0,,
884,31.25,40,,
885,9,20,,
886,40,37,,
887,32.74,40,,
888,72.11,40,,
889,12.5,37,,
890,17,27,,
891,13,40,,
892,30,40,,
893,20,36,,
894,15.62,20,,
895,22,40,,
896,10,20,,
897,25,20,,
898,35,5,,
899,10,40,,
900,20,12,,
901,13,8,,
902,10,4,,
903,10,6,,
904,15,30,,
905,10.5,32,,
906,50,10,,
907,8.8,28,,
908,0,0,,
909,0,0,,
910,0,0,,
911,0,0,,
912,0,0,,
913,0,0,,
914,0,0,,
915,0,0,,
916,0,0,,
917,0,0,,
918,0,0,,
919,0,0,,
920,0,0,,
921,0,0,,
922,0,0,,
923,0,0,,
924,0,0,,
925,0,0,,
926,0,0,,
927,0,0,,
928,0,0,,
929,0,0,,
930,0,0,,
931,0,0,,
932,0,0,,
933,0,0,,
934,0,0,,
935,0,0,,
936,0,0,,
937,0,0,,
938,0,0,,
939,0,0,,
940,0,0,,
941,0,0,,
942,0,0,,
943,0,0,,
944,0,0,,
945,0,0,,
946,0,0,,
947,0,0,,
948,0,0,,
949,0,0,,
950,0,0,,
951,0,0,,
952,0,0,,
953,0,0,,
954,0,0,,
955,0,0,,
956,0,0,,
957,0,0,,
958,0,0,,
959,0,0,,
960,0,0,,
961,0,0,,
962,0,0,,
963,0,0,,
964,0,0,,
965,0,0,,
966,0,0,,
967,0,0,,
968,0,0,,
969,0,0,,
970,0,0,,
971,0,0,,
972,0,0,,
973,0,0,,
974,0,0,,
975,0,0,,
976,0,0,,
977,0,0,,
978,0,0,,
979,0,0,,
980,0,0,,
981,0,0,,
982,0,0,,
983,0,0,,
984,0,0,,
985,0,0,,
986,0,0,,
987,0,0,,
988,0,0,,
989,0,0,,
990,0,0,,
991,0,0,,
992,0,0,,
993,0,0,,
994,0,0,,
995,0,0,,
996,0,0,,
997,0,0,,
998,0,0,,
999,0,0,,
1000,0,0,,
1001,0,0,,
1002,0,0,,
1003,0,0,,
1004,0,0,,
1005,0,0,,
1006,0,0,,
1007,0,0,,
1008,0,0,,
1009,0,0,,
1010,31.25,40,,
1011,11.5,37,,
1012,9,20,,
1013,45,36,,
1014,13,40,,
1015,13,16,,
1016,25,15,,
1017,20,9,,
1018,15,40,,
1019,40,37,,
1020,40,30,,
1021,16.5,40,,
1022,28.85,40,,
1023,35.58,40,,
1024,16.25,30,,
1025,20,20,,
1026,60,40,,
1027,33,40,,
1028,10,32,,
1029,12,30,,
1030,12,40,,
1031,11.48,35,,
1032,12,25,,
1033,70,40,,
1034,73,40,,
1035,50,40,,
1036,50,14,,
1037,15,29,,
1038,15,50,,
1039,15,40,,
1040,15,30,,
1041,12,40,,
1042,11,28,,
1043,15,40,,
1044,12,40,,
1045,13.5,30,,
1046,15,35,,
1047,20,40,,
1048,19.23,40,,
1049,19,40,,
1050,37,40,,
1051,9,28,,
1052,52,40,,
1053,15,40,,
1054,30,40,,
1055,40,40,,
1056,12,40,,
1057,50,40,,
1058,32.74,40,,
1059,38.46,40,,
1060,72.11,40,,
1061,14,40,,
1062,15,37,,
1063,13,44,,
1064,12.5,37,,
1065,17,27,,
1066,13,40,,
1067,56.73,40,,
1068,33.65,40,,
1069,45,40,,
1070,20,30,,
1071,20,35,,
1072,28.85,40,,
1073,31.25,40,,
1074,23,40,,
1075,20,40,,
1076,20,36,,
1077,20,25,,
1078,10,25,,
1079,10.5,30,,
1080,30,12,,
1081,15.62,20,,
1082,10.41,24,,
1083,10,10,,
1084,35,40,,
1085,11,40,,
1086,25,40,,
1087,20,20,,
1088,15,20,,
1089,11,40,,
1090,30,20,,
1091,21,9,,
1092,15,16,,
1093,12,40,,
1094,13,14,,
1095,10,15,,
1096,10,20,,
1097,24,40,,
1098,10,20,,
1099,15,25,,
1100,10,30,,
1101,11,15,,
1102,7.25,18,,
1103,22,40,,
1104,10,23,,
1105,25,20,,
1106,10,20,,
1107,35,5,,
1108,10,40,,
1109,11,40,,
1110,13,8,,
1111,10,4,,
1112,15,20,,
1113,10,6,,
1114,15,30,,
1115,10.5,32,,
1116,50,10,,
1117,8.8,28,,
1118,0,0,,
1119,0,0,,
1120,0,0,,
1121,0,0,,
1122,0,0,,
1123,0,0,,
1124,0,0,,
1125,0,0,,
1126,0,0,,
1127,0,0,,
1128,0,0,,
1129,0,0,,
1130,0,0,,
1131,0,0,,
1132,0,0,,
1133,0,0,,
1134,0,0,,
1135,0,0,,
1136,0,0,,
1137,0,0,,
1138,0,0,,
1139,0,0,,
1140,0,0,,
1141,0,0,,
1142,0,0,,
1143,0,0,,
1144,0,0,,
1145,0,0,,
1146,0,0,,
1147,0,0,,
1148,0,0,,
1149,0,0,,
1150,0,0,,
1151,0,0,,
1152,0,0,,
1153,0,0,,
1154,0,0,,
1155,0,0,,
1156,0,0,,
1157,0,0,,
1158,0,0,,
1159,0,0,,
1160,0,0,,
1161,0,0,,
1162,0,0,,
1163,0,0,,
1164,0,0,,
1165,0,0,,
1166,0,0,,
1167,0,0,,
1168,0,0,,
1169,0,0,,
1170,0,0,,
1171,0,0,,
1172,0,0,,
1173,0,0,,
1174,0,0,,
1175,0,0,,
1176,0,0,,
1177,0,0,,
1178,0,0,,
1179,0,0,,
1180,0,0,,
1181,0,0,,
1182,0,0,,
1183,0,0,,
1184,0,0,,
1185,0,0,,
1186,0,0,,
1187,0,0,,
1188,0,0,,
1189,0,0,,
1190,0,0,,
1191,0,0,,
1192,0,0,,
1193,0,0,,
1194,0,0,,
1195,0,0,,
1196,0,0,,
1197,0,0,,
1198,0,0,,
1199,0,0,,
1200,0,0,,
1201,0,0,,
1202,0,0,,
1203,0,0,,
1204,0,0,,
1205,0,0,,
1206,0,0,,
1207,0,0,,
1208,0,0,,
1209,0,0,,
1210,0,0,,
1211,0,0,,
1212,0,0,,
1213,0,0,,
1214,0,0,,
1215,0,0,,
1216,0,0,,
1217,0,0,,
1218,0,0,,
1219,0,0,,
1220,0,0,,
1221,0,0,,
1222,0,0,,
1223,0,0,,
1224,0,0,,
1225,0,0,,
1226,0,0,,
1227,0,0,,
1228,0,0,,
1229,0,0,,
1230,0,0,,
1231,0,0,,
1232,0,0,,
1233,0,0,,
1234,0,0,,
1235,0,0,,
1236,0,0,,
1237,0,0,,
1238,0,0,,
1239,0,0,,
1240,0,0,,
1241,0,0,,
1242,0,0,,
1243,0,0,,
1244,0,0,,
1245,0,0,,
1246,0,0,,
1247,0,0,,
1248,0,0,,
1249,0,0,,
1250,0,0,,
1251,0,0,,
1252,0,0,,
1253,0,0,,
1254,0,0,,
1255,0,0,,
1256,0,0,,
1257,0,0,,
1258,0,0,,
1259,0,0,,
1260,0,0,,
1261,0,0,,
1262,0,0,,
1263,0,0,,
1264,0,0,,
1265,0,0,,
1266,0,0,,
1267,0,0,,
1268,7,25,,
1269,0,0,,
1270,14.25,40,,
1271,21.63,40,,
1272,9.79,15,,
1273,22,10,,
1274,11.45,40,,
1275,0,0,,
1276,8.75,40,9,40
1277,0,0,,
1278,18.63,40,,
1279,0,0,,
1280,15,40,,
1281,18.85,40,,
1282,7.5,40,,
1283,13.19,40,,
1284,15,40,,
1285,9.25,36,,
1286,15,40,,
1287,11,22,,
1288,0,0,,
1289,13,40,,
1290,17,40,,
1291,12.5,40,,
1292,13.19,40,,
1293,7.5,40,,
1294,13,30,,
1295,9.5,40,,
1296,15.55,40,,
1297,11.85,40,,
1298,9,36,,
1299,0,0,,
1300,17,40,,
1301,11,35,,
1302,10,22,,
1303,0,0,,
1304,0,0,,
1305,18.81,40,9.9,15
1306,15.02,37,,
1307,11,40,,
1308,15.45,40,,
1309,20.5,40,,
1310,8.2,20,,
1311,13,25,28.13,2
1312,14.28,40,,
1313,17.5,40,17.72,12
1314,0,0,,
1315,0,0,,
1316,12.47,37,,
1317,14.6,40,,
1318,0,0,,
1319,0,0,,
1320,0,0,,
1321,9,40,,
1322,13.5,40,,
1323,9.5,20,,
1324,20,40,,
1325,10,20,,
1326,10,25,,
1327,0,0,,
1328,0,0,,
1329,0,0,,
1330,0,0,,
1331,17.4,40,,
1332,19.27,20,,
1333,0,0,,
1334,16.5,40,,
1335,8.3,60,,
1336,0,0,,
1337,13.5,40,,
1338,11,19,,
1339,11,40,,
1340,19.19,46,,
1341,12,6,,
1342,0,0,,
1343,12,6,,
1344,13.5,50,,
1345,9,15,,
1346,2.9,10,,
1347,0,0,,
1348,10,5,,
1349,15.6,40,,
1350,20,37.5,,
1351,0,0,,
1352,0,0,,
1353,16,40,,
1354,10,18,10,15
1355,0,0,,
1356,15.5,33,,
1357,11,40,9,12
1358,12,40,,
1359,9.5,40,,
1360,15.5,40,,
1361,25.75,30,11,5
1362,9.5,38,,
1363,0,0,,
1364,21.88,40,,
1365,11,19,,
1366,8,40,,
1367,6.19,25,,
1368,9.5,33,,
1369,0,0,,
1370,10,40,,
1371,16.31,40,11.5,23
1372,12.5,20,,
1373,7.75,40,,
1374,10,40,,
1375,10.71,40,,
1376,19.53,40,,
1377,10,20,,
1378,20,40,,
1379,9.5,20,,
1380,16,40,,
1381,0,0,,
1382,16.56,37,,
1383,0,0,,
1384,0,0,,
1385,14.97,29,,
1386,0,0,,
1387,17,40,,
1388,11.6,21,,
1389,18.5,40,,
1390,0,0,,
1391,16.5,40,,
1392,11,32,,
1393,0,0,,
1394,0,0,,
1395,11.5,35,,
1396,16,40,,
1397,0,0,,
1398,12.5,40,,
1399,12,50,,
1400,11.53,12,,
1401,15,40,,
1402,0,0,,
1403,0,0,,
1404,11.54,2,,
1405,12.75,30,,
1406,11.5,30,16,24
1407,9.5,12,,
1408,11,32,,
1409,0,0,,
1410,0,0,,
1411,0,0,,
1412,9.85,30,,
1413,25,40,,
1414,15,40,,
1415,16.45,40,,
1416,10,40,,
1417,0,0,,
1418,10,20,,
1419,17,40,12,20
1420,13,30,,
1421,20,35,,
1422,16.5,40,,
1423,15.7,40,,
1424,21.37,40,,
1425,0,0,,
1426,13.2,30,,
1427,0,0,,
1428,0,0,,
1429,0,0,,
1430,15.24,40,11,30
1431,11.33,25,13.18,20
1432,23,40,,
1433,12,30,,
1434,0,0,,
1435,0,0,,
1436,15,40,,
1437,25.96,45,,
1438,17.7,40,,
1439,23.5,15,,
1440,0,0,,
1441,0,0,,
1442,0,0,,
1443,0,0,,
1444,48,40,,
1445,15.15,40,,
1446,17.94,40,,
1447,11.75,40,,
1448,11.36,35,,
1449,11.57,40,,
1450,11.25,40,,
1451,12,40,5.5,15
1452,15.4,40,,
1453,0,0,,
1454,16,40,,
1455,25,40,,
1456,0,0,,
1457,10,35,,
1458,14.25,40,,
1459,12,40,,
1460,9.5,23.8,9.38,14
1461,17.86,25,,
1462,13.25,40,,
1463,13.25,60,,
1464,8.75,40,,
1465,14,40,,
1466,13,40,,
1467,23.32,40,,
1468,23,40,,
1469,0,0,,
1470,79.32,40,,
1471,18.54,40,,
1472,9,30,,
1473,12,30,,
1474,15,30,,
1475,0,0,,
1476,18,40,,
1477,10,40,,
1478,0,0,,
1479,16.35,40,,
1480,22.22,37.5,,
1481,13.13,40,,
1482,0,0,,
1483,0,0,,
1484,12.02,40,,
1485,15,40,,
1486,0,0,,
1487,12,40,,
1488,18,5,,
1489,12,40,,
1490,12.5,35,,
1491,,,,
1492,12,40,,
1493,10.5,20,,
1494,,,,
1495,,,,
1496,12.5,40,10,20
1497,,,,
1498,10,20,,
1499,,,,
1500,10.04,40,,
1501,10,40,,
1502,,,,
1503,12,20,,
1504,15,40,,
1505,13,30,,
1506,0,,,
1507,12.7,40,,
1508,13.5,20,,
1509,0,,,
1510,0,,,
1511,0,,,
1512,0,,,
1513,0,,,
1514,0,,,
1515,0,,,
1516,2.13,40,,
1517,11,20,,
1518,0,,,
1519,13,30,,
1520,0,,,
1521,12,40,,
1522,0,,,
1523,0,,,
1524,9,30,,
1525,0,,,
1526,0,,,
1527,23.5,40,,
1528,14.75,40,,
1529,12,40,,
1530,0,,,
1531,0,,,
1532,11,40,,
1533,0,,,
1534,0,,,
1535,0,,,
1536,0,,,
1537,0,,,
1538,0,,,
1539,16.97,20,,
1540,0,,,
1541,0,,,
1542,0,,,
1543,17.45,4,,
1544,10,25,,
1545,0,,,
1546,,,,
1547,0,,,
1548,0,,,
1549,0,,,
1550,0,,,
1551,0,,,
1552,0,,,
1553,0,,,
1554,0,,,
1555,0,,,
1556,0,,,
1557,0,,,
1558,10,20,,
1559,12,70,,
1560,0,,,
1561,0,,,
1562,0,,,
1563,0,,,
1564,0,,,
1565,9.25,40,,
1566,0,,,
1567,0,,,
1568,0,,,
1569,0,,,
1570,18.5,40,,
1571,0,,,
1572,2.13,30,,
1573,0,,,
1574,0,,,
1575,0,,,
1576,9,35,,
1577,0,,,
1578,0,,,
1579,0,0,,
1580,15.63,10,,
1581,9,40,,
1582,0,0,,
1583,10,40,,
1584,10,25,,
1585,16.97,20,,
1586,11,25,,
1587,12,40,,
1588,15,40,,
1589,11,20,,
1590,11,36,,
1591,0,0,,
1592,32.81,60,,
1593,18,40,,
1594,0,0,,
1595,0,0,,
1596,9.5,20,,
1597,0,0,,
1598,25,40,,
1599,0,0,,
1600,12,40,,
1601,15.5,40,,
1602,14,45,,
1603,0,0,,
1604,0,0,,
1605,40.27,40,,
1606,31.25,40,,
1607,0,0,,
1608,8.86,15,,
1609,14,40,,
1610,0,0,,
1611,9,40,,
1612,11,40,,
1613,18,10,,
1614,9.25,25,,
1615,0,0,,
1616,17,40,,
1617,7.25,10,,
1618,0,0,,
1619,0,0,,
1620,22,40,,
1621,10,20,,
1622,0,0,,
1623,8,35,,
1624,0,0,,
1625,13,32,,
1626,18,40,,
1627,0,0,,
1628,8.5,16,,
1629,15,20,,
1630,12,40,,
1631,0,0,,
1632,13,40,,
1633,0,0,,
1634,0,0,,
1635,14.5,40,,
1636,11.5,38,,
1637,0,0,,
1638,12.5,40,,
1639,19,40,,
1640,9,20,,
1641,2.1,60,,
1642,0,0,,
1643,13,40,,
1644,13,40,,
1645,0,0,,
1646,0,0,,
1647,8,35,,
1648,0,0,,
1649,9.4,40,,
1650,14.5,50,,
1651,11,25,,
1652,0,0,,
1653,0,0,,
1654,0,0,,
1655,0,0,,
1656,0,0,,
1657,0,0,,
1658,0,0,,
1659,17.79,40,,
1660,18,40,,
1661,0,0,,
1662,0,0,,
1663,7.25,20,,
1664,15,40,,
1665,8,20,,
1666,9,35,,
1667,11,40,,
1668,0,0,,
1669,0,0,,
1670,0,0,,
1671,11,45,,
1672,32.21,40,,
1673,0,0,,
1674,12,20,,
1675,0,0,,
1676,17,40,,
1677,25,15,,
1678,0,0,,
1679,0,0,,
1680,0,0,,
1681,0,0,,
1682,0,0,,
1683,14.75,35,,
1684,0,0,,
1685,12.7,40,,
1686,15,38,,
1687,15.58,38,,
1688,0,0,,
1689,10,16,,
1690,15,40,,
1691,2.13,40,,
1692,15,40,,
1693,17.45,4,,
1694,0,0,,
1695,0,0,,
1696,0,0,,
1697,0,0,,
1698,0,0,,
1699,0,0,,
1700,0,0,,
1701,0,0,,
1702,0,0,,
1703,0,0,,
1704,0,0,,
1705,10,20,,
1706,2.13,30,,
1707,0,0,,
1708,0,0,,
1709,0,0,,
1710,0,0,,
1711,8,40,,
1712,0,0,,
1713,0,0,,
1714,0,0,,
1715,13,30,,
1716,9.25,40,,
1717,0,0,,
1718,0,0,,
1719,0,0,,
1720,13.5,20,,
1721,0,0,,
1722,0,0,,
1723,0,0,,
1724,0,0,,
1725,0,0,,
1726,15,40,,
1727,0,0,,
1728,0,0,,
1729,14,40,,
1730,13,30,,
1731,0,0,,
1732,0,0,,
1733,18.5,40,,
1734,12,70,,
1735,12,40,,
1736,0,0,,
1737,9,30,,
1738,0,0,,
1739,0,0,,
1740,0,0,,
1741,0,0,,
1742,0,0,,
1743,12.5,40,,
1744,0,0,,
1745,11,20,,
1746,0,0,,
1747,0,0,,
1748,0,0,,
1749,0,0,,
1750,0,0,,
1751,0,0,,
1752,0,0,,
